cell_label,x,y,z,Drd1,Drd2,Tac1,Adora2a,Pdyn,Penk,Oprd1,Oprk1,Oprm1,Cnr1,Agrp,Cartpt,Nts,Hcrtr1,Hcrtr2,Lepr,Irs1,Irs2,Mc4r,Npy1r,Npy2r,Npy5r,Mme,Htr1b,Htr2c,Htr4,Otof,Chrm3,Plxnc1,Nrp2,brain_section_label
1018093344100900085-3,3.60746049477925,8.37871817768566,8.8,8.125,0.4155,7.63,0.4463,5.78,9.41,2.098,4.926,6.15,4.38,1.011,2.209,0.514,0.00277,0.783,0.0723,1.731,4.14,1.1045,0.9565,0.108,1.149,3.527,5.47,3.81,2.996,6.816,0.2737,5.047,7.67,C57BL6J-638850.47
1018093344100900069-5,3.58162462485519,8.40490170843392,8.8,8.04,0.3584,6.207,0.4485,6.26,8.95,2.041,5.15,7.3,4.06,0.9375,1.636,0.3757,0.004173,0.7236,0.11005,1.735,3.518,1.518,0.96,0.12085,1.251,2.781,5.22,4.74,2.14,6.5,0.4592,5.008,8.22,C57BL6J-638850.47
1018093344100900080-4,3.60091551911603,8.38493432536013,8.8,8.15,0.553,7.348,0.4995,5.09,9.16,1.8955,5.12,6.21,4.484,1.029,2.068,0.4443,0.001365,0.7456,0.08795,1.972,3.604,0.722,1.052,0.08264,1.172,3.635,5.887,4.258,3.293,7.152,0.3113,4.67,7.793,C57BL6J-638850.47
1018093344100900075-2,3.59120681880046,8.38389490219894,8.8,8.17,0.3909,7.58,0.3892,6.258,9.29,2.191,5.207,6.613,4.664,1.148,1.751,0.3372,0.00277,0.704,0.04395,1.852,3.547,1.251,0.9375,0.0856,1.265,3.613,5.39,4.297,3.467,6.89,0.4429,4.906,8.305,C57BL6J-638850.47
1018093344100900073-4,3.58776047718438,8.39932047117142,8.8,8.13,0.353,6.688,0.435,5.99,9.06,1.745,5.133,6.707,4.484,1,2.271,0.3083,0.0248,0.732,0.11115,1.713,3.912,1.5,0.961,0.1323,1.103,3.412,5.156,4.375,2.393,6.836,0.5015,4.73,7.81,C57BL6J-638850.47
1018093344100900074-2,3.59119948072781,8.41943088665636,8.8,8.086,0.478,6.34,0.4207,6.273,9.08,2.346,5.32,7.07,4.203,1.037,1.976,0.4014,0.00277,0.758,0.0689,1.702,3.916,1.142,0.6724,0.1462,1.057,3.178,5.523,4.484,2.227,6.613,0.332,5.18,8.12,C57BL6J-638850.47
1018093344100760162-3,3.11370827757235,7.91883540925684,8.8,7.457,1.51,9.26,1.558,6.207,8.83,0.982,4.363,4.68,4.426,0.977,2.797,2.836,0.02432,0.1763,0.1249,0.8086,4.156,0.7393,2.936,0.3489,2.271,3.924,5.074,3.32,4.633,6.54,1.207,3.895,7.58,C57BL6J-638850.47
1.01715595610145e+18,4.05650510599822,7.91763977712154,9,7.56,0.3867,4.97,0.434,5.938,8.64,1.778,4.92,7.723,3.611,0.88,1.552,0.4153,0.02528,0.9575,0.0676,1.908,3.23,0.8667,0.6904,0.3225,0.8457,2.293,5.25,5.324,1.36,5.695,0.4941,5.47,8.055,C57BL6J-638850.48
1.01715595610098e+18,2.92850738135865,7.42247463052043,9,5.46,4.164,9.85,3.592,1.567,8.39,0.8174,4.277,3.785,5.773,0.698,1.963,0.233,0.1313,0.366,0.10547,1.62,3.508,0,0.9873,0.02548,0.719,4.332,4.324,2.488,6.316,6.688,1.453,1.686,5.484,C57BL6J-638850.48
1.01715595610113e+18,3.18005187904108,7.7493615520873,9,8.16,0.3035,9.4,0.5117,5.24,9.164,1.265,4.324,5,4.99,0.935,1.829,0.447,0.02339,0.861,0.1076,1.919,3.975,0.892,1.234,0.08105,1.18,3.854,5.586,3.645,4.79,7.45,0.4358,4.4,7.516,C57BL6J-638850.48
1.01715595610146e+18,4.01049304363887,7.77228161358851,9,8.3,0.3525,8.234,0.2693,6.207,8.586,1.218,4.348,6.27,3.4,0.975,2.336,0.3774,0.001405,0.3162,0.03827,1.502,3.652,1.74,1.769,0.0862,1.65,3.076,4.074,2.65,2.67,6.26,0.33,3.936,6.85,C57BL6J-638850.48
1.01715595610098e+18,2.9248965707983,7.43275236292912,9,7.363,1.478,9.72,1.545,6.355,9.31,1.268,4.62,4.71,4.504,0.4932,2.922,4.22,0.02432,0.498,0.0648,0.968,4.43,0.5566,2.969,0.3572,1.634,3.973,5.285,2.463,4.418,5.945,1.801,3.268,7.24,C57BL6J-638850.48
1.01715595610097e+18,3.04151423176556,7.52488471504866,9,7.254,1.729,8.85,1.893,6.562,9.27,1.239,5.125,5.543,4.707,0.4392,2.4,2.71,0.02432,0.1523,0.0665,1.001,3.688,0.8115,3.49,0.39,2.559,3.922,4.848,3.693,4.555,5.95,1.603,3.547,8.07,C57BL6J-638850.48
1.01715595610098e+18,2.89555061423803,7.40246336143962,9,3.727,5.652,8.7,5.938,7.17,9.086,1.7705,4.887,5.31,3.932,0.1714,2.896,4.02,0,0.2534,0.02576,0.255,3.555,0.0793,1.924,0.1937,1.442,3.611,4.797,3.37,4.062,3.78,3.959,2.363,8.08,C57BL6J-638850.48
1.01715595610097e+18,2.93450855390411,7.47279723594613,9,7.914,0.903,9.164,1.173,7.18,8.914,0.993,4.72,5.395,3.59,0.528,4.094,2.29,0.02432,0.4246,0.09656,1.318,3.94,1.049,2.717,0.2937,2.201,3.818,4.496,1.968,3.643,6.18,0.7905,3.965,7.277,C57BL6J-638850.48
1.01715595610129e+18,3.54498801577341,7.81411388201967,9,4.926,3.113,9.46,3.062,6.293,9.445,0.4102,3.23,5.824,1.924,0.2795,4.14,3.023,0,1.245,0.05948,0.1536,3.646,0.02954,0.3364,0.2041,0.7285,2.84,4.95,0.985,3.328,0.7793,1.286,3.357,5.76,C57BL6J-638850.48
,3.80559080386221,8.03126629314159,9.2,7.598,0.397,4.18,0.4617,4.94,7.965,2.307,5.21,7.71,3.719,0.8994,1.864,0.407,0.02388,0.775,0.04367,1.994,3.438,0.8784,0.628,0.2764,0.865,2.355,5.484,5.17,1.032,5.707,0.4067,5.332,7.402,C57BL6J-638850.49
,3.84553672470943,8.00840052987378,9.2,8.266,0.1017,8.84,0.505,6.58,8.8,0.5063,5.332,7.113,3.098,0.709,4.445,0.1456,0.02107,0.3518,0.1727,1.596,6.01,1.802,2.322,0.06213,1.942,3.525,4.277,1.222,2.717,6.57,0.311,4.016,6.54,C57BL6J-638850.49
,3.54970906699275,8.36858809834933,9.2,8.02,0.9517,9.23,1.032,7.344,8.92,0.6226,4.77,5.01,4.117,0.4207,3.146,1.792,0.02432,0.1292,0.0711,1.062,3.346,0.6733,3.21,0.2886,2.379,3.748,3.988,3.195,4.426,6.273,0.712,3.361,8.08,C57BL6J-638850.49
1.017155956102e+18,3.80843302538285,8.1178769007091,9.2,7.78,0.501,5.26,0.4412,5.617,8.516,2.586,5.434,7.46,4.055,0.934,2.057,0.341,0.02107,0.6685,0.06223,1.856,3.541,1.074,0.6265,0.3008,0.824,3.059,5.508,4.37,1.518,5.617,0.3337,5.402,7.586,C57BL6J-638850.49
1.017155956202e+18,3.88057618515926,8.0486743832175,9.2,8.16,1.021,10.164,1.029,1.454,7.645,0.947,3.6,4.348,5.832,0.8525,1.614,0.2524,0.06232,0.796,0.07196,2.365,4.99,0.1417,0.9653,0.001629,1.203,5.062,5.195,1.546,6.227,7.965,0.5693,3.002,3.361,C57BL6J-638850.49
1.017155956102e+18,3.88128992673967,8.08429374155329,9.2,6.85,0.6167,3.33,0.28,2.889,4.766,1.815,5.69,7.645,3.37,0.9053,1.363,0.371,0.02107,0.3472,0,1.302,4.562,0.513,0.4111,0.2028,0.433,2.41,4.066,3.686,1.131,5.04,0.182,5.664,5.03,C57BL6J-638850.49
,3.80797302963165,8.04646970966943,9.2,7.516,0.257,5.617,0.498,4.945,7.867,1.116,4.36,7.36,2.71,0.779,2.07,0.4783,0.02107,0.648,0.0245,1.14,5.812,0.714,0.498,0.1255,0.6562,2.344,5.54,3.453,1.57,6.574,0.3098,4.918,6.523,C57BL6J-638850.49
,3.85754999698632,7.95880887340203,9.2,7.746,0.2106,5.598,0.5347,6.508,7.535,0.587,3.127,7.96,1.409,0.777,1.264,0.1577,0.00159,0.2817,0.1062,0.926,3.537,0.826,1.607,0.07306,0.9604,1.416,3.205,2.535,1.455,5.66,0.2937,4.633,6.652,C57BL6J-638850.49
,3.7807350461318,8.09972056081078,9.2,8.04,0.42,6.83,0.4617,6.4,9.125,2.309,5.098,6.824,4.348,1.01,2.143,0.4045,0.004173,0.7397,0.0749,1.796,3.531,1.432,0.836,0.1641,1.152,3.16,5.4,4.312,2.496,6.41,0.4138,5.098,8.07,C57BL6J-638850.49
,4.18005248814588,8.16399394114944,9.2,6.64,0.4087,3.615,0.3787,4.547,7.332,1.858,5.07,7.953,3.57,0.846,1.695,0.503,0.04214,0.5874,0.01328,1.789,3.201,0.437,0.66,0.75,0.5347,2.094,4.895,5.367,0.976,4,0.5127,5.49,7.133,C57BL6J-638850.49
1.017155956102e+18,3.90193248744534,8.10041237680727,9.2,7.44,0.775,6.125,0.9863,4.543,6.438,1.668,3.926,7.074,2.014,1.043,0.8066,0.336,0.05618,0.4795,0.237,1.619,4.03,0.7603,1.239,0.238,1.087,2.418,4.71,2.719,2.613,6.32,0.5693,4.684,5.785,C57BL6J-638850.49
,4.54753836444713,8.48304708296699,9.4,8.02,0.486,9.586,0.6714,7.78,9.33,0.333,5.113,5.38,3.172,0.3901,4.176,4.656,0,0.758,0.03123,0.834,4.227,0.788,2.102,0.54,1.602,3.344,4.75,1.234,3.361,4.35,0.885,3.764,7.652,C57BL6J-638850.50
,4.15538266051792,8.64354461268227,9.4,7.973,0.4255,5.266,0.4055,6.137,8.79,2.217,5.08,7.688,3.832,1.03,1.602,0.395,0.001405,0.811,0.05203,1.678,3.871,1.1,0.701,0.1708,0.997,2.18,5.61,5.168,1.409,6.574,0.365,5.297,8.15,C57BL6J-638850.50
,4.14321748213562,8.65270945407588,9.4,7.97,0.365,5.16,0.4941,6.188,8.766,2.42,5.086,7.84,3.818,0.826,1.52,0.44,0.00281,0.7373,0.1487,1.797,3.451,1.459,0.813,0.2051,1.1,2.14,5.32,5.273,1.474,6.246,0.3896,5.223,8.3,C57BL6J-638850.50
,4.12753347839543,8.60018879322223,9.4,7.816,0.3826,5.246,0.3992,6.156,8.33,1.344,4.703,7.844,2.977,0.914,1.605,0.293,0.00281,0.8706,0.11505,1.509,3.295,1.133,0.853,0.1471,0.8306,1.241,4.75,5.082,1.168,6.094,0.4434,4.938,7.996,C57BL6J-638850.50
,2.90637465771057,7.60583367318568,9.4,7.633,0.3604,5.945,0.3926,6.688,8.61,1.564,4.914,7.61,3.566,0.8784,1.397,0.2583,0.01415,0.782,0.0768,1.526,3.25,1.366,1.042,0.07837,1.22,1.814,4.613,5.05,1.335,6.6,0.9766,4.793,8.36,C57BL6J-638850.50
1.01715595610075e+18,3.31795119777181,8.39745303517525,9.4,8.2,0.287,8.484,0.3557,6.508,9.33,1.708,5.21,6.176,4.77,1.026,1.977,0.3923,0.0248,0.6074,0.1127,1.91,3.531,1.274,1.089,0.0856,1.272,3.598,5.336,3.973,4.156,7.11,0.4749,4.777,8.36,C57BL6J-638850.50
,2.91919047520256,7.59852712896889,9.4,8.336,0.2522,8.3,0.3035,6.508,9.266,1.404,5.062,6.246,4.746,1.124,1.883,0.1478,0.0248,0.5547,0.12354,1.522,3.537,1.593,1.394,0.01576,1.818,3.746,4.734,4.14,3.85,7.062,0.713,4.14,8.18,C57BL6J-638850.50
1.01715595610095e+18,2.88241869619377,7.61597556519848,9.4,6.414,0.2233,4.387,0.3225,5.734,7.61,1.279,4.91,8.13,3.34,0.8276,0.754,0.4526,0.0646,1.176,0.1332,1.957,2.807,0.8267,0.94,0.262,0.7803,1.232,4.293,6.445,1.26,5.895,2.621,5.02,8.24,C57BL6J-638850.50
,3.98721789961133,8.63295496306227,9.4,8.15,0.3074,7.484,0.4036,6.41,9.34,1.732,5.215,6.445,4.39,1.046,2.055,0.4348,0.00277,0.733,0.11456,1.829,3.809,1.175,0.88,0.0856,1.25,3.332,5.492,4.22,3.201,7.1,0.4158,4.965,8.29,C57BL6J-638850.50
,2.93203802588576,7.58552270746742,9.4,7.035,0.259,4.6,0.4497,5.77,7.96,1.379,4.77,7.918,3.469,0.7646,0.9233,0.4224,0.01415,1.166,0.1732,1.826,2.861,0.866,0.6626,0.1873,0.8003,1.287,4.63,6.348,1.309,6.19,1.761,5.09,8.234,C57BL6J-638850.50
1.01715595610095e+18,3.07443205353872,7.95957635775219,9.4,8.22,0.406,8.1,0.4565,6.19,9.36,1.602,4.656,6.105,4.418,0.982,1.828,0.4487,0.0248,0.5957,0.1486,1.77,3.695,1.371,1.572,0.09064,1.521,3.463,5.074,4.062,3.705,6.9,0.4038,4.29,8.05,C57BL6J-638850.50
,4.1326074659725,8.6528162288814,9.4,7.918,0.2808,5.65,0.4795,6.402,8.89,2.059,5.28,7.8,4.05,0.8286,1.593,0.4092,0.00562,0.691,0.1538,1.799,3.287,1.597,1.023,0.179,1.108,2.283,5.047,5.145,1.491,6.242,0.4795,5.06,8.36,C57BL6J-638850.50
1.01715595610095e+18,3.12124681442466,7.90415756793057,9.4,8.34,0.4128,9.04,0.2852,7.434,9.336,0.8105,4.805,5.26,4.188,0.76,3.164,0.24,0.02203,0.2244,0.0826,1.493,3.326,1.45,1.76,0.05325,1.851,3.566,3.723,2.8,3.459,6.305,0.4165,3.016,7.957,C57BL6J-638850.50
1.01715595610075e+18,3.33497431082296,8.41258273105501,9.4,8.17,0.2448,7.41,0.5005,5.797,9.25,1.431,4.934,6.55,4.633,0.9805,1.948,0.4658,0.0248,0.7847,0.11115,1.826,4.074,1.126,0.9746,0.07,1.112,3.42,5.344,4.324,3.064,7.285,0.506,4.793,8.02,C57BL6J-638850.50
1.01715595610095e+18,3.09451040808584,7.94569851529038,9.4,8.445,0.2168,8.62,0.2659,7.31,9.21,1.019,5.195,5.91,4.52,0.901,2.867,0.2705,0.02339,0.3342,0.0796,1.528,3.969,1.946,1.852,0.0294,2.111,3.514,4.22,3.172,3.518,6.727,0.4092,3.88,8.19,C57BL6J-638850.50
,4.07514012737433,8.63750645117787,9.4,8.07,0.4587,6.594,0.409,6.316,9.09,2.115,5.29,6.977,4.273,1.102,2.088,0.3428,0.00277,0.7246,0.0547,1.663,3.648,1.318,0.734,0.1009,1.251,2.967,5.387,4.445,2.363,6.7,0.3713,5.027,8.26,C57BL6J-638850.50
1.01715595610053e+18,4.09089790589035,8.63270768805439,9.4,8.125,0.3186,7.098,0.3826,6.613,9.2,2.033,5.336,6.734,4.277,1.081,2.006,0.356,0.004173,0.6865,0.0948,1.671,3.553,1.584,1.021,0.1034,1.361,3.275,5.176,4.344,2.898,6.68,0.526,4.992,8.336,C57BL6J-638850.50
,2.90650425097442,7.61910767970358,9.4,8.38,0.2461,8.82,0.295,6.508,9.38,1.353,4.918,5.934,4.855,1.109,2.03,0.1688,0.02339,0.4736,0.1113,1.502,3.389,1.494,1.471,0.003246,1.937,3.688,4.625,3.906,4.156,7.08,0.8965,3.932,8.12,C57BL6J-638850.50
1.01715595610075e+18,3.35587628889985,8.41012681703492,9.4,8.15,0.4536,7.496,0.3867,6.645,9.234,1.846,5.332,6.508,4.312,0.989,2.059,0.4294,0.00277,0.645,0.09814,1.672,3.625,1.367,1.383,0.1006,1.383,3.299,5.242,4.184,3.219,6.793,0.3613,4.625,8.336,C57BL6J-638850.50
,3.98003170205078,8.62084454068333,9.4,8.14,0.5103,6.902,0.3809,6.395,9.21,2.195,5.2,6.78,4.363,1.04,2.016,0.4048,0.00277,0.6743,0.0689,1.599,3.754,1.41,0.9565,0.11334,1.307,3.22,5.41,4.418,2.654,6.703,0.3948,4.98,8.17,C57BL6J-638850.50
1.01715595610075e+18,3.36573042166544,8.39996269215763,9.4,8.18,0.758,9.12,0.798,6.805,9.336,0.3396,5.02,5.457,4.7,0.4668,2.463,1.373,0.02432,0.10614,0.2118,1.05,3.56,0.4758,3.4,0.1533,2.844,3.693,3.479,3.26,4.24,6.902,0.533,3.7,8.04,C57BL6J-638850.50
,2.97429479732572,7.56849842232966,9.4,8.37,0.1339,8.28,0.2864,7.5,9.05,1.035,5.484,6.164,4.152,0.834,3.05,0.2015,0.001405,0.2399,0.04034,1.279,3.758,2.242,2.12,0.010895,2.076,3.414,4.418,2.97,2.986,6.18,0.5444,3.984,8.305,C57BL6J-638850.50
,3.09849360656654,7.95567326093132,9.4,8.43,0.2295,8.96,0.2585,7.203,9.29,1.107,5.18,5.684,4.715,1.081,2.7,0.18,0.02339,0.287,0.1113,1.458,4.004,2.107,1.995,0.001623,1.971,3.746,4.336,3.443,4.02,6.637,0.5317,3.545,8.23,C57BL6J-638850.50
,2.91996228860046,7.6261161142099,9.4,8.22,0.2374,9.086,0.4836,5.47,9.15,1.066,4.53,5.293,4.773,1.005,2.047,0.508,0.02339,0.828,0.12354,1.766,4.33,1.052,1.294,0.05325,1.171,3.467,5.273,3.873,4.35,7.496,0.492,4.363,7.688,C57BL6J-638850.50
1.01715595610075e+18,3.33245885960558,8.42163298386765,9.4,8.33,0.2925,8.87,0.3293,6.04,9.32,1.574,4.797,5.723,5.035,1.105,1.865,0.4854,0.02339,0.6074,0.11633,1.741,3.836,1.388,1.455,0.03265,1.646,3.791,5.22,4.008,4.438,7.324,0.5474,4.477,8.05,C57BL6J-638850.50
1.01715595610075e+18,3.36944812392969,8.42562974669204,9.4,8.28,0.2864,7.74,0.2993,6.754,9.305,1.897,5.203,6.637,4.71,1.097,1.828,0.2976,0.02339,0.609,0.1377,1.692,3.408,1.525,1.09,0.06042,1.489,3.418,5.04,4.26,3.299,6.96,0.6914,4.61,8.48,C57BL6J-638850.50
,2.91709158514803,7.61381119367449,9.4,8.1,0.3206,7.24,0.3713,6.87,9.13,1.898,5.367,7.19,4.168,1.039,1.782,0.2856,0.00277,0.7383,0.05826,1.506,3.443,1.538,0.913,0.05603,1.427,2.78,5.176,4.637,2.65,6.742,0.561,4.953,8.57,C57BL6J-638850.50
,3.27275905176059,8.22073964428943,9.4,8.336,0.255,8.99,0.306,5.91,9.38,1.393,4.895,5.703,4.91,1.115,1.969,0.3984,0.02339,0.6387,0.1209,1.842,3.75,1.162,1.23,0.0294,1.666,3.932,5.305,3.94,4.715,7.543,0.5957,4.484,7.99,C57BL6J-638850.50
,3.36641819654447,8.37800854458402,9.4,8.11,0.831,8.98,0.92,7.363,9.4,0.4656,5.402,5.62,3.92,0.6787,3.396,1.491,0.02432,0.10614,0.1274,1.155,3.418,0.4746,3.602,0.2026,2.742,3.45,3.584,2.785,3.404,6.953,0.528,3.654,8.234,C57BL6J-638850.50
1.01715595610095e+18,3.07099358742925,7.99029478253882,9.4,8.38,0.2534,8.766,0.1699,6.598,9.266,0.9214,4.766,5.688,4.656,0.904,2.262,0.4148,0.02339,0.3713,0.1143,1.639,3.967,1.597,1.406,0.05554,1.815,3.543,4.113,3.553,3.826,6.75,0.495,3.643,7.945,C57BL6J-638850.50
1.01715595610095e+18,2.85676238733026,7.64754929767648,9.4,8.17,0.2874,7.285,0.382,5.98,9.06,1.746,5.074,6.83,4.484,1.103,1.568,0.275,0.0248,0.6196,0.05826,1.719,3.434,1.306,1.014,0.0661,1.564,3.354,5.31,4.684,3.273,7.035,0.5244,4.695,8.24,C57BL6J-638850.50
,3.05842353830987,7.99370475488763,9.4,8.17,0.4194,7.848,0.4243,6.863,9.16,1.536,5.074,6.777,4.395,1.06,1.808,0.3215,0.0262,0.508,0.0813,1.599,3.148,1.607,1.454,0.0583,1.715,3.107,4.8,4.332,3.047,6.832,0.6284,4.23,8.58,C57BL6J-638850.50
,3.0958907258818,7.93148087390164,9.4,8.35,0.2817,8.68,0.407,6.734,9.34,1.65,5.145,5.66,4.74,1.04,2.318,0.371,0.02339,0.5386,0.11633,1.47,3.764,1.985,1.72,0.03427,1.892,3.76,4.812,3.656,3.943,6.754,0.621,4.258,8.05,C57BL6J-638850.50
1.01715595610095e+18,3.09009169948603,7.99966208482489,9.4,8.41,0.3364,8.305,0.2505,6.71,9.21,1.089,5.05,6.098,4.797,1.028,2.053,0.4448,0.02339,0.354,0.08594,1.724,3.662,1.434,1.648,0.02777,1.903,3.684,4.453,4.004,3.734,6.906,0.5537,3.676,8.11,C57BL6J-638850.50
1.01715595610095e+18,3.05547182535661,8.0025607860581,9.4,8.25,0.2578,8.56,0.348,6.156,9.27,1.52,5.047,6.1,4.902,1.122,2.035,0.3875,0.0248,0.576,0.12354,1.875,3.498,1.263,1.167,0.07,1.411,3.754,5.215,3.943,4.176,7.207,0.556,4.6,8.07,C57BL6J-638850.50
,3.36234974740278,8.38587548479884,9.4,8.25,0.2502,8.37,0.3108,6.766,9.29,1.5205,5.16,5.996,4.62,1.054,2.328,0.3901,0.0248,0.6733,0.1015,1.829,3.705,1.206,1.13,0.0668,1.344,3.516,5.28,3.795,3.918,7.3,0.4824,4.734,8.21,C57BL6J-638850.50
1.01715595610095e+18,3.06138274104461,7.98276875004661,9.4,8.28,0.3225,7.52,0.2793,6.527,9.29,1.806,5.18,6.4,4.41,1.121,2.033,0.2695,0.0248,0.6113,0.1127,1.718,3.512,1.379,1.069,0.06836,1.597,3.387,5.156,4.195,3.137,7.105,0.587,4.67,8.17,C57BL6J-638850.50
1.01715595610075e+18,3.34473254531429,8.3984093543503,9.4,8.1,0.3345,6.41,0.387,6.45,9.08,2.014,5.406,7.312,4.31,1.11,1.61,0.388,0.00277,0.7334,0.10803,1.707,3.555,1.463,0.855,0.1009,1.322,3.008,5.324,4.805,2.129,6.71,0.4966,5.066,8.36,C57BL6J-638850.50
,3.07840711588039,7.98567065482294,9.4,8.12,0.365,6.96,0.3774,6.64,9.16,1.973,4.902,6.82,4.242,1.007,1.9,0.3813,0.00277,0.71,0.1257,1.719,3.545,1.488,0.7856,0.0939,1.339,2.928,5.28,4.34,2.018,6.766,0.477,5.01,8.17,C57BL6J-638850.50
,3.05922225859748,8.01725226248884,9.4,8.23,0.3875,7.38,0.4016,6.156,9.22,1.855,5.207,6.723,4.617,1.024,1.748,0.4294,0.02339,0.5693,0.07794,1.686,3.518,1.54,1.575,0.0875,1.546,3.61,5.08,4.336,3.342,6.793,0.502,4.44,8.26,C57BL6J-638850.50
,3.35643859315105,8.39515918449488,9.4,8.24,0.2404,7.812,0.2898,7.074,9.164,1.663,5.45,6.73,4.586,1.034,2.068,0.1982,0.0248,0.569,0.1186,1.433,3.355,1.753,1.12,0.0332,1.731,3.201,4.67,4.246,2.926,6.805,0.9478,4.54,8.52,C57BL6J-638850.50
,3.09473401458084,7.9682464783287,9.4,8.47,0.3235,9.06,0.2766,7.215,9.36,1.426,5.066,5.47,4.31,1.075,2.955,0.357,0.02339,0.4343,0.1113,1.777,3.922,1.67,1.882,0.02777,2.01,3.805,4.65,3.025,3.998,6.97,0.5254,3.838,8.164,C57BL6J-638850.50
,3.06358894558545,8.00553364907074,9.4,8.266,0.254,9.06,0.4114,5.848,9.39,1.3545,4.69,5.562,5.082,0.9814,1.812,0.4355,0.02339,0.746,0.09814,1.937,4.035,1.231,1.144,0.03265,1.356,3.818,5.504,3.889,4.43,7.477,0.523,4.492,7.88,C57BL6J-638850.50
,4.12099154709114,8.62738379022624,9.4,8.06,0.3652,6.812,0.4172,6.69,9.2,1.962,5.344,7.168,4.344,1.109,1.797,0.356,0.004173,0.748,0.0749,1.681,3.576,1.426,0.945,0.11176,1.247,3.16,5.277,4.64,2.523,6.63,0.437,4.984,8.52,C57BL6J-638850.50
1.01715595610075e+18,3.38238262128658,8.40341691311885,9.4,8.164,0.2178,7.28,0.371,6.79,9.195,1.936,5.36,6.992,4.266,1.055,1.812,0.3572,0.0248,0.613,0.1257,1.863,3.264,1.699,1.249,0.0965,1.366,3.086,4.996,4.434,2.63,6.785,0.6997,4.81,8.484,C57BL6J-638850.50
,3.30223819460753,8.4261419937641,9.4,8.18,0.2642,7.504,0.513,5.78,9.4,1.626,5.05,6.53,4.484,0.9863,1.82,0.434,0.0248,0.732,0.1063,1.996,3.727,1.196,1.051,0.0751,1.252,3.4,5.44,4.293,3.158,7.25,0.4963,4.65,8.09,C57BL6J-638850.50
,3.26797563938587,8.2367094142048,9.4,8.27,0.2922,8.08,0.3677,5.633,9.38,1.655,4.73,6.05,4.777,1.189,1.782,0.3948,0.0248,0.695,0.1113,1.911,3.547,1.083,1.122,0.0651,1.465,3.828,5.496,4.137,3.857,7.395,0.4912,4.656,7.87,C57BL6J-638850.50
,2.92845683992228,7.61880546119276,9.4,8.06,0.6016,8.57,0.743,5.453,8.9,1.645,4.363,5.28,4.64,0.96,1.971,1.016,0.02339,0.5166,0.09515,1.717,3.748,1.204,1.906,0.1333,1.655,3.756,5.184,4.305,4.453,6.78,0.622,4.016,7.758,C57BL6J-638850.50
1.01715595610095e+18,2.95145265542916,7.60178771532779,9.4,8.27,0.2778,7.215,0.2769,6.734,8.98,1.013,4.668,6.684,3.906,0.8955,2.057,0.4448,0.0248,0.5835,0.08954,1.589,4.17,1.272,1.362,0.089,1.459,2.572,4.695,4.184,2.121,7.086,0.3477,4.164,8.06,C57BL6J-638850.50
,3.39356744520645,8.39191199032424,9.4,8.39,0.486,7.69,0.4407,6.96,9.055,0.7124,5.25,6.375,4.453,0.5254,2.447,1.029,0.02432,0.1837,0.1208,1.446,3.893,1.176,2.418,0.0933,1.9,3.291,3.816,3.826,2.777,6.6,0.45,3.438,8.04,C57BL6J-638850.50
,3.98612180158622,8.60470049885415,9.4,8.04,0.3762,6.71,0.4602,5.957,9.164,2.125,5.152,7.04,3.96,0.9883,2.219,0.454,0.00277,0.8276,0.0754,1.839,3.926,0.982,0.6797,0.1334,0.977,3.031,5.55,4.23,2.389,6.78,0.3225,5.242,7.92,C57BL6J-638850.50
1.01715595610095e+18,3.04911101125659,8.01542113992729,9.4,8.15,0.4045,7.59,0.3887,6.715,9.23,1.796,4.836,6.684,4.64,1.003,1.726,0.3638,0.0248,0.649,0.1007,1.828,3.232,1.392,1.075,0.1011,1.305,3.03,5.18,4.45,2.676,6.883,0.524,4.65,8.28,C57BL6J-638850.50
,3.04429029477706,7.74235774788288,9.4,7.96,0.8706,9.76,0.798,5.58,9.21,0.702,4.18,4.9,4.863,0.3308,2.15,1.942,0.02203,0.2302,0.0949,1.179,3.395,0.951,2.057,0.2057,1.81,3.988,4.207,3.36,4.742,5.816,0.698,3.316,7.383,C57BL6J-638850.50
1.01715595620074e+18,3.6463081582228,8.38858708372216,9.4,8.234,0.3179,9.56,0.5254,7.09,9.26,0.924,4.76,4.883,4.06,0.5894,3.477,0.535,0,0.837,0.10876,1.756,4.797,1.186,1.66,0.05325,1.429,3.559,4.855,2.428,4,7.094,0.3682,3.934,7.676,C57BL6J-638850.50
1.01715595620095e+18,2.98806413705346,7.54580791376107,9.4,7.75,0.352,5.844,0.3086,6.105,8.42,0.6035,4.188,7.266,2.777,0.777,2.111,0.4512,0.001405,1.099,0.127,0.8447,4.797,0.934,0.7285,0.03232,0.708,1.582,4.695,4.348,1.477,6.746,0.649,5.223,7.57,C57BL6J-638850.50
,3.95260485666056,8.59314344721,9.4,8.195,0.3052,7.562,0.4014,5.867,9.34,1.727,4.93,6.2,4.31,1.057,2.309,0.4963,0.00277,0.785,0.0578,1.902,4.29,0.932,0.9834,0.0651,1.09,3.475,5.53,3.816,3,7.36,0.3445,4.855,7.75,C57BL6J-638850.50
1.01715595610075e+18,3.39208970029861,8.1549589807372,9.4,8.13,0.885,9.23,0.892,6.66,8.93,0.708,4.56,4.65,4.402,0.553,2.793,1.831,0.04636,0.1506,0.1301,1.253,3.418,0.947,3.135,0.1814,2.338,3.83,4.215,3.332,4.574,6.62,0.674,3.62,7.816,C57BL6J-638850.50
1.01812210910163e+18,3.64152901522117,8.13252105655256,9.6,8.11,0.2043,7.62,0.5156,6.1,9.4,1.335,4.926,6.312,4.527,0.9736,2.213,0.453,0.0248,0.7554,0.0862,2.025,3.957,1.11,1.2,0.09064,1.197,3.375,5.223,3.994,3.035,7.15,0.523,4.305,7.91,C57BL6J-638850.51
1.01812210910184e+18,4.64140242669595,8.13357260346231,9.6,5.44,3.746,8.65,3.53,7.38,8.71,0.431,4.246,5.63,2.629,0.3162,3.463,3.701,0,0.5684,0,0.303,2.871,0,0.7373,0.1553,0.903,2.865,4.484,2.387,2.44,0.996,1.817,2.225,7.715,C57BL6J-638850.51
,4.44299935000744,8.26543348572298,9.6,8.19,0.402,8.14,0.4219,5.285,9.5,1.741,4.81,5.938,4.598,0.9697,1.715,0.417,0.001365,0.8457,0.07556,1.995,4.047,0.7446,1.006,0.0572,1.138,3.672,5.918,4.11,3.773,7.496,0.3025,4.848,7.88,C57BL6J-638850.51
1.01812210910163e+18,3.67021055316291,8.131256286654,9.6,8.195,0.2812,7.695,0.4678,5.86,9.33,1.565,4.85,6.29,4.594,1.018,1.868,0.4526,0.0248,0.7554,0.1007,1.813,4.2,1.028,0.8457,0.0651,1.14,3.273,5.492,4.336,3.27,7.383,0.4531,4.875,8.04,C57BL6J-638850.51
1.01812210910163e+18,3.67716182848086,8.10427941486186,9.6,8.35,0.3342,8.34,0.248,6.902,9.305,1.638,5.164,6.09,4.625,1.129,2.115,0.2712,0.02339,0.4963,0.0731,1.55,3.412,1.657,1.193,0.03427,1.774,3.414,4.87,4.02,3.549,7.035,0.7324,4.438,8.31,C57BL6J-638850.51
1.01812210910163e+18,3.66492564892768,8.08420651967401,9.6,8.3,0.3042,8.95,0.294,7.023,9.07,1.206,4.758,5.363,4.64,1.094,2.512,0.3806,0.02339,0.549,0.1193,1.622,3.615,1.149,1.3545,0.0549,1.483,3.242,4.812,3.365,3.467,7.19,0.6987,4.152,8.016,C57BL6J-638850.51
,4.46401814296499,8.29866770254698,9.6,8.13,0.3718,8.03,0.463,5.02,9.305,1.649,4.727,5.77,4.703,1.02,1.847,0.436,0.00277,0.8438,0.04395,1.768,4.52,0.8135,0.804,0.0651,1.025,3.611,5.82,4.08,3.639,7.438,0.341,4.855,7.598,C57BL6J-638850.51
1.01812210910164e+18,3.66076627980551,8.07769771580114,9.6,8.305,0.3943,8.28,0.3975,6.85,9.31,1.344,5.254,5.973,4.566,1.02,2.297,0.546,0.02339,0.601,0.1414,1.702,3.822,1.377,1.672,0.0549,1.785,3.488,5.125,3.79,3.65,7.04,0.383,3.98,8.17,C57BL6J-638850.51
,4.25581782801898,8.13141512843992,9.6,7.918,0.5703,6.527,0.689,6.105,9.06,1.906,4.902,7.133,4.223,0.9697,1.702,0.698,0.0248,0.566,0.0867,1.619,3.562,1.426,1.641,0.1633,1.449,3.014,5.027,4.773,2.352,6.62,0.6562,4.414,8.055,C57BL6J-638850.51
1.01812210910183e+18,4.4844746810634,7.98408532140829,9.6,8.39,0.2007,9.04,0.2505,7.992,9.17,1.147,5.71,5.793,3.994,0.8286,4.223,0.343,0,0.2776,0.09216,1.45,4.355,2.402,2.607,0.0572,2.057,3.488,4.27,1.982,3.475,6.12,0.3188,3.986,8.34,C57BL6J-638850.51
1.01812210910164e+18,3.65108811844564,8.06275848844185,9.6,8.234,0.4854,9.22,0.4336,7.58,9.35,0.667,5.01,5.242,3.645,0.507,3.361,1.059,0.02432,0.2163,0.1956,1.294,3.607,0.926,2.06,0.0719,2.137,3.404,3.65,2.506,3.346,6.617,0.3943,3.33,8.05,C57BL6J-638850.51
1.01812210920201e+18,4.67183969779125,8.19395391999837,9.6,8.13,0.3984,7.6,0.4307,6.03,9.36,1.908,5.195,6.336,4.566,0.9814,1.966,0.4182,0.00277,0.7666,0.04395,1.809,3.875,0.9854,0.7856,0.0802,1.234,3.656,5.637,4.14,3.479,7.047,0.3442,4.91,8.17,C57BL6J-638850.51
1.01812210910164e+18,3.52830596933948,7.93612821829186,9.6,8.25,0.7163,9.64,0.663,5.586,9.05,0.2747,4.15,4.566,4.465,0.382,2.75,1.128,0.02432,0.10614,0.1819,1.208,3.324,0.3098,3.51,0.10846,2.875,3.436,3.17,3.064,4.637,7.195,0.3792,3.562,7.305,C57BL6J-638850.51
1.01812210910163e+18,3.6488436322614,8.11951625753083,9.6,8.1,0.369,7.086,0.4373,6.098,9.125,1.957,5.152,6.91,4.48,1.0625,1.647,0.388,0.00277,0.7476,0.0969,1.782,3.615,1.239,0.8286,0.1009,1.301,3.318,5.418,4.574,2.959,6.78,0.4033,4.95,8.266,C57BL6J-638850.51
1.01812210920201e+18,4.6624665275052,8.16893251851443,9.6,7.707,0.9517,7.02,0.8916,6.41,9.2,2.553,5.36,6.8,4.33,1.148,2.098,0.509,0.00277,0.71,0.04395,1.536,3.56,1.32,0.8857,0.168,1.335,3.447,5.277,4.21,2.926,6.6,0.7427,4.996,8.266,C57BL6J-638850.51
1.01812210910163e+18,3.663972992173,8.14411146642423,9.6,8.41,0.2988,8.81,0.3003,6.508,9.38,1.411,4.87,5.633,4.566,1.079,2.281,0.3777,0.02339,0.5273,0.1486,1.693,3.832,1.587,1.61,0.02777,1.884,3.88,4.67,3.586,4.1,7.074,0.6636,3.92,7.973,C57BL6J-638850.51
1.01812210910164e+18,3.6372738467146,8.0948000126268,9.6,8.4,0.4177,8.72,0.2886,7.03,9.28,1.046,5.098,5.67,4.137,0.986,2.727,0.3645,0.02339,0.3022,0.1177,1.682,3.553,1.652,1.96,0.08105,1.855,3.537,4.145,3.344,3.713,6.652,0.4907,3.477,8.09,C57BL6J-638850.51
1.01812210910184e+18,4.50233368248003,8.15482697703998,9.6,8.03,0.7954,9.36,0.7007,7.43,8.93,0.994,4.793,5.55,3.541,0.3467,4.523,1.33,0.02203,0.0777,0.02632,1.277,3.676,1.287,2.262,0.206,2.072,3.826,3.992,1.939,3.451,6.3,0.675,3.258,7.51,C57BL6J-638850.51
1.01812210910146e+18,3.50525211172333,7.84534521997038,9.6,7.97,0.8823,9.47,1.067,7.23,8.84,0.4783,4.695,4.992,3.98,0.368,4.086,2.732,0.02432,0.1606,0.0949,0.991,4.016,0.9536,3.064,0.5156,2.158,3.719,4.61,2.377,3.887,6.207,0.925,4,7.6,C57BL6J-638850.51
,4.26112583238636,8.15618711355414,9.6,8.17,0.4834,7.23,0.335,7.3,9.03,1.701,5.55,6.812,4.094,0.865,2.426,0.3958,0.00277,0.508,0.11115,1.573,3.586,1.846,1.34,0.1128,1.498,2.955,4.562,4.117,2.137,6.47,0.443,4.53,8.39,C57BL6J-638850.51
1.01812210920163e+18,3.6799852147075,8.13596354878516,9.6,8.2,0.3682,9.41,0.4873,5.562,9.21,1.232,3.873,4.926,4.36,0.9673,2.342,0.5767,0.02339,0.8477,0.1327,1.674,4.25,1.052,1.398,0.05325,1.28,3.203,5.344,3.357,4.367,7.383,0.4624,4.36,7.34,C57BL6J-638850.51
1.01812210920146e+18,3.36964454424223,7.79815764046089,9.6,3.52,6.043,8.43,5.508,7.176,9.02,0.1219,4.742,5.652,4.387,0.05484,2.68,2.525,0,0.165,0,0.2212,1.486,0,0.2708,0.0311,0.1576,3.56,4.81,3.77,3.72,0.4875,3.004,2.227,8.09,C57BL6J-638850.51
1.01812210910184e+18,4.55203507180732,8.13833465428221,9.6,8.21,0.5396,9.65,0.6675,7.652,9.39,0.8516,5.016,5.09,3.336,0.576,4.15,0.8413,0.02432,0.3677,0.1337,1.524,4.53,1.472,2.562,0.1389,2.203,3.396,4.28,1.542,3.371,6.81,0.3792,3.525,7.656,C57BL6J-638850.51
1.01812210910184e+18,4.63333309540895,8.08956684169701,9.6,8.01,0.797,8.55,0.884,6.812,9.13,1.243,5.38,5.984,3.826,1.001,3.307,1.255,0.001365,0.672,0.0737,1.512,4.184,1.272,2.166,0.342,1.765,4.156,4.633,2.656,3.568,5.723,0.7563,4.055,7.7,C57BL6J-638850.51
1.01812210910184e+18,4.69912232228906,8.05999158272247,9.6,8.36,0.3374,9.97,0.2947,7.695,9.46,0.8887,5.01,5.66,3.227,0.869,4.57,0.3076,0,0.3171,0.0783,1.611,4.562,1.715,1.781,0.05554,1.609,3.3,3.938,1.071,3.451,6.21,0.2422,3.758,7.63,C57BL6J-638850.51
1.01812210910183e+18,4.32625092550213,8.01479773348234,9.6,7.73,0.871,9.15,1.133,7.305,8.83,0.6313,4.37,4.777,3.463,0.5435,3.588,2.775,0.02432,0.4824,0.07935,1.199,4.04,0.902,2.963,0.4856,2.025,2.988,4.22,2.312,3.664,5.7,0.973,4.367,7.758,C57BL6J-638850.51
1.01812210920183e+18,4.61403181030079,8.1262742596729,9.6,8.18,0.628,9.23,0.688,7.28,9.07,0.7285,4.43,6.32,2.588,0.4885,4.68,1.637,0,0.2932,0.0825,1.522,4.188,1.079,1.969,0.184,1.413,3.146,3.873,1.276,3.164,5.742,0.4973,3.684,6.81,C57BL6J-638850.51
1.01812210910183e+18,4.47986453950515,7.98309000909144,9.6,8.34,0.426,9.266,0.2158,7.574,9.32,0.752,4.945,5.004,3.268,0.5737,3.678,0.7324,0,0.1266,0.08813,1.424,3.756,1.393,1.637,0.08105,1.695,3.184,3.53,1.889,2.967,5.805,0.1704,3.305,7.79,C57BL6J-638850.51
1.01812210910201e+18,4.89173500412361,8.07135910729532,9.6,8.49,0.1996,8.77,0.258,7.23,8.83,0.777,5.477,6.293,3.568,0.6973,4.66,0.696,0,0.4004,0.05756,1.801,5.12,1.837,2.246,0.0791,1.968,3.748,4.508,1.662,3.246,6.598,0.2532,3.725,7.312,C57BL6J-638850.51
1.01812210920183e+18,4.48282483201021,7.97375896929776,9.6,6.664,2.34,9.09,2.201,7.68,9.3,0.75,5.15,5.605,4.01,0.7896,3.285,0.873,0,0.2291,0.04224,1.212,3.227,1.056,1.781,0.0832,1.657,3.438,3.816,2.762,3.72,4.902,0.8203,2.857,8.195,C57BL6J-638850.51
1.01812210920183e+18,4.49640900230826,7.96707827834081,9.6,7.77,1.074,9.055,1.162,7.332,8.61,0.899,4.715,5.45,3.332,0.629,4.117,2.928,0,0.6445,0.04395,1.065,4.18,1.059,2.69,0.5825,1.783,2.91,4.555,2.025,3.412,5.484,0.927,4.305,7.496,C57BL6J-638850.51
1.01812210920183e+18,4.41436323430519,8.13373126030319,9.6,6.66,2.785,8.734,2.566,5.566,8.62,0.4395,3.871,4.938,3.805,0.05112,3.07,3.062,0,0.4224,0.02838,0.5083,2.035,0,1.287,0.3352,1.109,3.135,4.12,3.008,3.758,1.692,1.421,1.429,6.65,C57BL6J-638850.51
1104095349101460814-1,5.07219107955915,7.87997910700948,9.8,8.06,0.4126,5.67,0.4236,6.42,8.57,2.344,5.645,7.625,4.312,0.856,1.99,0.4126,0.001405,0.6484,0.09314,1.627,3.438,1.682,0.9526,0.2123,1.03,2.96,5.074,4.3,1.471,6.11,0.4583,5.164,7.84,C57BL6J-638850.52
1104095349101460802,5.06424698024971,7.88371609217762,9.8,7.74,0.3481,5.223,0.4783,5.78,8.49,2.354,5.37,7.547,3.941,0.9155,2.297,0.2837,0.04355,0.72,0.0886,1.805,3.58,1.033,0.7285,0.2776,0.867,2.69,5.33,4.277,1.392,5.918,0.3945,5.26,7.66,C57BL6J-638850.52
1104095349101450494-1,4.96432696485816,8.28403144077168,9.8,7.96,0.4517,5.438,0.513,6.21,8.78,2.383,5.453,7.605,4.12,0.9316,1.925,0.416,0.02388,0.6973,0.06555,1.791,3.457,1.437,0.8735,0.2211,0.964,2.73,5.31,4.64,1.569,6.242,0.4797,5.24,8.07,C57BL6J-638850.52
1104095349101460795-2,5.06771155243554,7.85239747963657,9.8,7.742,0.3254,5.344,0.5063,6.12,8.68,2.096,5.414,7.57,3.986,0.8413,2.166,0.4421,0.02388,0.8574,0.1047,1.886,3.47,1.1875,0.7764,0.2411,0.861,2.709,5.36,4.504,1.304,5.973,0.4097,5.273,7.742,C57BL6J-638850.52
1104095349101460803-1,5.0700676046976,7.87126579928136,9.8,7.867,0.263,5.67,0.4143,6.21,8.43,1.668,5.32,7.98,3.559,0.7744,2.393,0.2725,0.02388,0.5977,0.0898,1.631,3.498,1.592,1.298,0.1548,1.294,2.285,4.676,3.873,1.291,6.227,0.4878,4.71,7.81,C57BL6J-638850.52
1104095349101460742-2,5.03492669107963,7.88098297910897,9.8,7.68,0.552,5.78,0.4072,6.297,8.484,2.238,5.293,7.47,3.707,0.9297,2.219,0.3484,0.02248,0.656,0.07495,1.868,3.19,1.16,0.7217,0.3,0.7524,2.623,5.12,4.004,1.43,5.684,0.3328,5.08,7.68,C57BL6J-638850.52
1104095349101460764,4.97480946961971,8.26493664246095,9.8,7.85,0.3423,4.816,0.4836,6.08,8.62,2.373,5.24,7.977,3.857,0.766,1.448,0.4644,0.00281,0.7075,0.1434,1.864,3.324,1.443,0.843,0.2457,1.062,2.014,5.195,5.375,1.204,6.066,0.4795,5.203,8.18,C57BL6J-638850.52
1104095349101460769-2,5.05120382378587,7.87936125763823,9.8,7.76,0.3667,5.297,0.4875,5.977,8.49,2.164,5.184,7.797,3.795,0.8545,1.837,0.4587,0.02388,0.7583,0.1323,1.851,3.44,1.293,0.778,0.2417,1.098,2.469,5.234,4.707,1.4795,6.137,0.4917,5.258,7.875,C57BL6J-638850.52
1104095349101460747-2,5.04777700144068,7.83594278219739,9.8,7.465,0.4016,5.7,0.309,6.477,8.61,1.688,5.29,7.867,3.857,0.821,1.657,0.3137,0.00421,0.857,0.1451,1.757,2.574,0.943,0.7505,0.3528,0.6714,1.945,4.89,5.094,1.27,5.12,0.6377,5.33,8.27,C57BL6J-638850.52
1104095349101460745-2,5.04061850436877,7.87241855171758,9.8,7.742,0.4058,4.902,0.501,5.887,8.445,2.357,5.4,7.684,3.918,0.803,1.9375,0.4426,0.02388,0.6953,0.0969,1.83,3.324,1.404,0.8345,0.3142,0.9463,2.473,5.164,4.74,1.201,5.72,0.456,5.297,7.75,C57BL6J-638850.52
1104095349101130088-1,3.60956180738068,8.23110352859759,9.8,8.22,0.4077,10.02,0.569,3.506,9.05,1.366,4.02,4.508,4.984,1.068,2.266,0.4875,0.02339,0.995,0.101,2.271,4.027,0.6235,1.062,0.02777,1.071,3.732,5.945,3.035,5.125,7.844,0.4531,4.516,6.695,C57BL6J-638850.52
1104095349201460619,5.02406445990422,7.84273784168655,9.8,7.94,0.2693,7.375,0.3826,7.09,8.25,1.324,5.355,7.51,3.23,0.831,3.486,0.2788,0.02248,0.4277,0.05,1.322,4.043,1.899,1.839,0.1675,1.542,2.35,4.29,2.084,1.744,5.934,0.4253,4.535,7.598,C57BL6J-638850.52
1104095349201460689,5.05069563788323,7.88939867499208,9.8,7.688,0.3604,5.605,0.4348,5.727,8.49,2.264,5.39,7.45,3.908,0.815,2.545,0.3633,0.02248,0.6724,0.07495,1.777,3.436,1.368,0.955,0.3787,0.776,3.025,5.086,3.688,1.475,5.445,0.402,5.254,7.312,C57BL6J-638850.52
1104095349101460651-1,4.99528889457573,7.8408667414703,9.8,8.19,0.4028,7.676,0.2915,7.363,8.8,1.438,5.45,7.04,3.924,0.9116,3.334,0.3008,0.001405,0.4229,0.05716,1.528,3.883,1.944,1.528,0.1531,1.373,2.781,4.203,2.547,2.121,6.254,0.3496,4.543,7.984,C57BL6J-638850.52
1104095349101460646-2,5.0007496420537,7.8095269112539,9.8,8.18,0.2368,8.52,0.2156,7.723,8.55,0.7607,5.31,6.883,2.809,0.8267,4.22,0.1243,0,0.2148,0.1499,1.316,4.35,2.002,2.441,0.02434,1.72,2.307,3.79,1.398,1.8545,5.996,0.1693,3.74,7.65,C57BL6J-638850.52
1104095349101460608-2,4.97332047755297,7.84654555243571,9.8,8.15,0.256,8.25,0.1783,7.75,8.71,0.933,5.344,6.562,3.354,0.873,3.615,0.1345,0.001405,0.1893,0.1,1.384,3.586,1.848,1.882,0.063,1.522,2.533,3.459,2.02,2.068,6.07,0.1648,3.695,7.914,C57BL6J-638850.52
1104095349101450493-1,4.96825630436799,8.27315134989872,9.8,7.86,0.3884,5.434,0.524,6.28,8.78,2.404,5.39,7.89,4.125,0.865,1.613,0.4607,0.02388,0.78,0.1209,1.876,3.443,1.283,0.7163,0.2421,1.024,2.436,5.434,5.066,1.428,6.19,0.3843,5.36,8.24,C57BL6J-638850.52
1104095349101450123-2,4.60574190283877,8.35577556736234,9.8,7.785,0.4153,4.99,0.4807,6.06,8.695,2.324,5.184,7.89,3.955,0.953,1.66,0.4204,0.02388,0.818,0.0848,1.909,3.533,0.984,0.658,0.2167,0.901,2.354,5.55,5.15,1.409,6.098,0.3652,5.32,8.13,C57BL6J-638850.52
1104095349101450262-2,4.73397887305383,8.26479698756846,9.8,7.91,0.6704,8.67,0.712,6.35,8.73,0.6333,4.707,6.113,3.486,0.482,4.074,3.354,0.04355,1.147,0.04395,1.226,4.125,0.96,2.086,0.552,1.284,3.86,4.008,2.04,3.123,4.523,0.686,4.523,6.766,C57BL6J-638850.52
1104095349101460726-2,5.03659114323237,7.85472740227899,9.8,7.887,0.4673,6.34,0.4324,6.664,8.34,1.923,5.504,7.492,3.486,0.884,2.725,0.3015,0.02528,0.5913,0.08215,1.49,3.2,1.734,1.07,0.1736,1.325,2.734,4.684,3.117,1.5625,6.22,0.477,4.75,7.58,C57BL6J-638850.52
1104095349101460690-2,5.011255599266,7.87573416735905,9.8,6.223,0.4531,2.207,0.567,3.47,5.38,1.654,5.8,8.27,4.016,0.6567,1.456,0.2269,0.04214,0.7617,0.025,1.869,2.885,0.5645,0.5186,1.109,0.4626,1.547,4.9,5.867,0.572,3.85,0.4768,5.57,6.17,C57BL6J-638850.52
1104095349201460661,5.03841861376525,7.88981015839864,9.8,7.574,0.3757,4.69,0.4434,5.465,8.234,2.428,5.105,7.723,3.635,0.901,1.953,0.2666,0.02388,0.7476,0.0825,1.844,3.43,0.8765,0.5806,0.3098,0.7734,2.277,5.383,4.8,1.233,5.6,0.37,5.363,7.633,C57BL6J-638850.52
1104095349100970581-1,3.53175035870027,8.24624569881759,9.8,8.16,0.5537,9.67,0.598,3.896,9.164,1.25,4.3,4.676,5.145,0.854,1.853,0.537,0.02893,0.9155,0.09766,2.402,3.627,0.5156,1.32,0.05325,1.202,4.105,5.9,3.234,5.324,7.703,0.4458,4.29,7.004,C57BL6J-638850.52
1104095349101470508-2,4.93262414405004,7.76570090060476,9.8,7.812,0.54,7.406,0.444,4.54,7.72,1.116,4.297,6.273,3.355,1.202,4.37,0.2351,0.002827,0.9717,0.02284,1.271,6.188,0.3762,0.6567,0.03265,0.4778,3.053,6.03,2.123,2.773,7.508,0.3977,4.47,5.07,C57BL6J-638850.52
1104095349101460622-3,4.98453194104274,7.83963476824692,9.8,7.914,0.264,7.324,0.4236,6.54,7.93,1.235,5.473,7.492,3.238,0.8706,3.861,0.2362,0.02248,0.4963,0.1499,1.299,4.277,1.893,1.985,0.1953,1.278,3.092,4.4,1.76,1.764,5.95,0.4253,4.53,6.863,C57BL6J-638850.52
1104095349101450102-3,4.58759386952673,8.35096896030063,9.8,8.29,0.3096,8.56,0.1587,7.81,9.08,0.998,5.465,6.25,3.379,0.8584,3.926,0.3203,0.001405,0.2854,0.1,1.588,3.883,1.721,1.777,0.0908,1.539,2.78,3.96,2.037,2.537,6.215,0.1891,3.852,8.13,C57BL6J-638850.52
1104095349101460715-2,5.03575066157123,7.81981323317919,9.8,7.945,0.3228,7.25,0.379,7.09,8.33,1.603,5.234,7.516,3.164,0.8687,3.17,0.2607,0.001405,0.5396,0.0559,1.361,3.668,2,1.726,0.177,1.576,2.06,4.543,2.572,1.609,5.996,0.4148,4.758,7.79,C57BL6J-638850.52
1104095349101460448-4,4.88949390908491,7.80121601105749,9.8,7.723,0.7085,3.818,0.51,3.352,5.473,1.73,5.344,7.39,3.291,1.312,2.496,0.2441,0.04214,0.8877,0.01124,1.801,4.883,0.3057,0.672,0.1599,0.907,2.396,5.977,3.113,1.172,6.84,0.4548,4.875,4.598,C57BL6J-638850.52
1104095349101450187-1,4.6399255945885,8.43669972025485,9.8,7.914,0.5435,5.695,0.521,5.137,8.51,2.285,5.3,6.88,3.986,1.098,2.764,0.3528,0.02383,0.8403,0.03723,1.84,4.316,0.773,0.561,0.17,0.859,3.088,5.98,4.008,1.785,6.812,0.3342,5.324,7.297,C57BL6J-638850.52
1104095349101460694-1,5.01627138827881,7.84753337852639,9.8,7.906,0.3535,7.574,0.345,7.074,8.25,1.177,5.41,7.164,3.373,0.8203,3.824,0.2073,0.02248,0.3538,0.07495,1.3125,3.988,1.813,1.85,0.1533,1.408,2.738,4.035,1.976,1.616,5.984,0.4114,4.31,7.266,C57BL6J-638850.52
1104095349101450106-2,4.59175298254627,8.35932751411881,9.8,8.06,0.4316,6.375,0.4407,6.78,9.1,2.047,5.434,7.28,4.355,0.91,1.943,0.4211,0.00277,0.6455,0.0749,1.731,3.703,1.522,0.8506,0.1302,1.211,3.059,5.152,4.48,1.825,6.5,0.457,4.977,8.26,C57BL6J-638850.52
1104095349101460450-3,4.83878219443039,8.07424301513011,9.8,5.938,0.7197,2.422,0.257,2.746,2.898,1.101,5.598,8.01,2.463,0.908,1.583,0.344,0.00846,0.737,0,1.405,4.117,0.3608,0.416,0.4238,0.2242,1.975,2.951,3.11,0.539,5.324,1.143,5.332,4.215,C57BL6J-638850.52
1104095349101460723-2,5.02506458648803,7.88417302476612,9.8,6.207,0.545,2.398,0.3271,2.73,4.438,1.68,5.57,7.957,3.688,0.6157,2.29,0.3235,0.002817,0.5483,0.05,1.534,4.125,0.4092,0.266,0.7354,0.2756,1.899,4.09,4.652,0.696,4.19,0.1687,5.984,4.484,C57BL6J-638850.52
1104095349201460643,5.03257809461959,7.84620765183031,9.8,8.13,0.338,6.88,0.3896,7.113,8.625,1.794,5.664,7.31,3.86,0.787,2.623,0.4185,0.001405,0.549,0.08813,1.447,3.547,2.066,1.586,0.152,1.504,2.57,4.61,3.35,1.886,6.1,0.4746,4.836,7.91,C57BL6J-638850.52
1104095349101460680-2,5.01497452329798,7.81936840633466,9.8,8.234,0.2114,8.71,0.267,7.64,8.51,0.519,5.13,7.035,2.592,0.9243,4.44,0.2374,0,0.3286,0.0999,1.207,5.152,1.679,2.207,0,1.483,2.393,3.658,0.9956,1.747,6.246,0.2366,4.11,7.37,C57BL6J-638850.52
1104095349200970303,3.43113068201574,8.02494351814576,9.8,7.527,1.389,9.414,1.469,5.137,8.85,1.168,4.13,4.66,4.88,0.5347,2.06,2.414,0.02203,0.2184,0.0879,1.022,3.883,0.8853,2.877,0.279,2.266,4.082,5.086,3.896,5.055,6.64,1.238,3.855,7.32,C57BL6J-638850.52
1104095349101460766-1,5.04517829188008,7.90133177120483,9.8,6.67,0.4795,2.932,0.412,3.39,5.504,1.85,5.812,8.15,4.156,0.789,2.033,0.2874,0.04214,0.5117,0.05,1.702,3.674,0.611,0.5303,0.5728,0.427,2.234,4.605,4.676,0.662,4.277,0.4434,5.645,5.65,C57BL6J-638850.52
1104095349101460527,4.88503004252736,8.1083866592722,9.8,6.53,0.751,3.17,0.3416,2.8,3.377,1.432,6.01,8.34,3.756,0.9556,2.428,0.531,0.02966,0.6846,0.0799,1.113,4.8,0.796,0.419,0.2013,0.3577,3.268,3.69,3.062,0.8833,5.688,0.351,5.566,4.082,C57BL6J-638850.52
1104095349101460647-1,4.9887786742472,7.88342890908235,9.8,5.88,0.476,2.93,0.409,3.508,5.863,1.602,5.12,7.816,3.371,0.807,2.408,0.287,0,0.6167,0.001665,1.762,2.828,0.3572,0.2869,1.205,0.1892,1.291,4.133,4.965,0.897,3.55,0.4944,5.754,5.74,C57BL6J-638850.52
1104095349101460553-1,4.89754660052677,8.11628005811642,9.8,6.09,0.6914,2.207,0.4216,2.857,3.385,1.678,6.125,8.3,4.19,0.733,1.838,0.2644,0.002817,0.622,0.05,1.455,3.725,0.3547,0.1942,0.8223,0.1598,2.062,4.168,4.71,0.4067,4.17,0.3206,5.863,4.508,C57BL6J-638850.52
1104095349101450185-2,4.63669803456543,8.44684618225106,9.8,8.086,0.45,7.21,0.4434,5.645,9.15,2.193,5.1,6.41,4.543,1.146,2.066,0.436,0.00277,0.747,0.04395,1.787,3.723,1.146,0.735,0.12164,1.126,3.682,5.594,4.375,3.16,6.77,0.374,5.14,7.84,C57BL6J-638850.52
1104095349101470590-2,4.98160983720444,7.76204287558564,9.8,7.844,0.007572,6.8,0.696,6.91,8.22,0.2544,2.844,7.973,1.138,0.967,1.983,0.2715,0,0.08026,0.10547,0.747,4.668,0.91,2.266,0.004654,1.772,1.493,2.943,1.243,1.396,5.508,0.2622,4.473,6.18,C57BL6J-638850.52
1104095349101470593-1,4.97879618172743,7.78425159390851,9.8,8.21,0.1764,8.02,0.354,7.63,8.58,0.4663,3.705,7.402,1.87,0.936,2.928,0.1311,0.0212,0.1218,0.174,1.212,4.93,1.128,1.947,0,1.676,1.934,3.264,1.17,1.673,6.258,0.185,4.008,6.74,C57BL6J-638850.52
1104095349101460678-3,5.00093384522218,7.8813784580955,9.8,8.08,0.3188,6.977,0.4038,6.184,8.625,1.648,5.543,7.223,3.803,1.031,3.572,0.3513,0.02248,0.4883,0.12494,1.566,4.184,1.829,1.542,0.243,1.134,3.469,4.516,2.492,1.796,6.17,0.4268,4.875,7.008,C57BL6J-638850.52
1104095349201290381,4.2443412537821,8.521216189264,9.8,8.086,0.3062,6.535,0.4172,6.758,9.12,1.901,5.4,7.22,4.258,1.039,1.93,0.3787,0.004173,0.726,0.1033,1.687,3.602,1.476,0.995,0.11176,1.299,2.863,5.266,4.547,2.05,6.707,0.4485,5.004,8.32,C57BL6J-638850.52
1104095349100980303-2,3.28836291856371,7.90534615028758,9.8,7.918,0.904,9.91,0.943,6.137,9.17,0.7314,4.27,4.664,4.723,0.3455,2.45,1.472,0.04553,0.298,0.12396,1.127,3.86,0.7544,2,0.2747,1.65,3.727,4.695,3.012,4.613,6.598,0.8643,3.422,7.46,C57BL6J-638850.52
1104095349101460663-2,5.00039822399041,7.86213863848663,9.8,8.13,0.3257,6.7,0.3652,5.957,8.625,1.766,5.625,7.047,3.969,0.94,3.36,0.338,0.02243,0.539,0.0794,1.679,4.113,1.717,1.208,0.2109,1.1455,3.598,4.61,2.867,1.933,6.45,0.435,4.87,7.082,C57BL6J-638850.52
1104095349201460651,5.04203864010796,7.84344525255215,9.8,8.125,0.3525,6.61,0.3955,6.98,8.664,1.709,5.54,7.586,3.912,0.91,2.572,0.305,0.001405,0.5728,0.08813,1.289,3.672,2.064,1.534,0.1242,1.521,2.807,4.617,3.283,1.741,6.258,0.5205,4.844,7.914,C57BL6J-638850.52
1104095349201460710,5.06796790035064,7.86151784201797,9.8,7.996,0.3503,5.914,0.425,6.18,8.14,2.01,5.477,7.63,3.547,0.9795,2.734,0.4358,0.02248,0.642,0.0898,1.567,3.537,1.804,1.18,0.2144,1.228,2.49,4.88,3.32,1.512,6.13,0.4922,5.06,7.434,C57BL6J-638850.52
1104095349101450169,4.63417306330896,8.42168732380345,9.8,8.16,0.4097,7.33,0.4724,5.496,9.04,1.72,4.855,6.074,4.383,1.028,2.555,0.452,0.00277,0.8247,0.0578,1.748,4.203,0.988,0.7437,0.0929,1.019,3.516,5.547,3.963,2.941,7.188,0.4065,4.992,7.46,C57BL6J-638850.52
1104095349101470533-2,4.94584509092379,7.77860457424965,9.8,7.906,0.2014,6.844,0.4817,5.836,7.22,0.815,4.906,7.64,2.836,0.7935,3.688,0.3086,0.02672,0.2776,0.2139,1.03,5.48,1.642,2.023,0.0934,1.508,2.207,3.482,1.734,1.641,5.97,0.2727,4.492,6.156,C57BL6J-638850.52
1104095349101470529-3,4.94979275534242,7.74367571739454,9.8,7.367,0.4265,4.56,0.3484,4.25,5.863,1.749,5.535,7.754,3.223,0.8936,2.168,0.2812,0.04214,0.5117,0.1016,1.446,4.336,0.7925,0.819,0.2103,0.71,2.336,4.26,3.047,1.359,5.25,0.362,5.4,5.54,C57BL6J-638850.52
1104095349201460568,5.00193910957166,7.8192596368792,9.8,8.18,0.12225,8.3,0.421,7.062,8.305,0.532,4.703,7.406,2.521,0.788,4.086,0.1913,0.02107,0.2815,0.1727,1.328,5.883,1.818,2.512,0.03436,1.954,2.62,3.82,0.9795,1.816,6.203,0.2866,3.96,6.254,C57BL6J-638850.52
1104095349201450104,4.62538765731973,8.38673350139443,9.8,8.2,0.314,7.52,0.359,6.527,9.29,1.895,5.18,6.4,4.41,1.114,2.033,0.3562,0.00277,0.6895,0.0948,1.709,3.67,1.344,0.9766,0.0767,1.383,3.387,5.277,4.195,3.137,6.965,0.4763,4.87,8.17,C57BL6J-638850.52
1104095349101450236,4.68079339864218,8.4347054456724,9.8,8.17,0.4883,7.055,0.4087,5.81,9.13,2.357,5.15,6.62,4.445,1.055,1.945,0.3372,0.0248,0.616,0.0689,1.869,3.43,1.406,0.9424,0.1584,1.14,3.818,5.367,4.1,3.03,6.594,0.451,4.85,7.863,C57BL6J-638850.52
1104095349101460831,5.07421032847357,7.91445636537339,9.8,8.03,0.45,6.81,0.4155,7.13,8.94,2.086,5.508,7.207,4.062,0.8906,2.18,0.3123,0.00281,0.6685,0.07965,1.508,3.229,1.812,0.886,0.1361,1.368,2.723,5.027,4.285,1.882,6.316,0.4639,4.945,8.37,C57BL6J-638850.52
1104095349101450197-1,4.64864770118237,8.44308646528882,9.8,8.016,0.49,6.977,0.475,5.64,9.06,2.334,4.992,6.49,4.49,1.069,2.107,0.3652,0.02383,0.707,0.0499,1.76,3.605,1.256,0.7314,0.156,1.215,3.867,5.492,4.26,2.842,6.473,0.411,5.105,7.582,C57BL6J-638850.52
1104095349100970434-2,3.42705013374341,8.13833472041932,9.8,8.266,0.3647,9.39,0.4016,5.97,9.23,1.424,4.793,5.195,4.72,1.009,2.322,0.5127,0.02339,0.6445,0.1113,1.808,3.672,1.171,1.577,0.0549,1.583,3.875,5.297,3.53,4.633,7.348,0.522,4.367,7.766,C57BL6J-638850.52
1104095349101470532-3,4.94436633587501,7.78990712392373,9.8,7.824,0.11633,7.633,0.532,6.664,7.805,0.2313,3.332,8.07,1.34,0.951,3.162,0.3438,0.08466,0.1826,0.2103,0.908,5.918,0.93,1.448,0.03436,1.066,1.604,3.285,0.9053,1.519,5.94,0.587,4.6,5.438,C57BL6J-638850.52
1104095349101470531-2,4.95045838149426,7.75449170599327,9.8,7.86,0.0857,7.34,0.508,6.586,7.574,0.525,4.69,7.863,2.104,0.796,2.963,0.2339,0.0479,0.1648,0.2167,1,5.367,1.449,2.305,0.0983,1.709,2.277,3.533,1.128,1.465,5.832,0.284,4.395,6.2,C57BL6J-638850.52
1104095349101460576-3,4.96190043431383,7.84291367728254,9.8,7.695,0.1259,7.363,0.556,6.465,7.715,0.642,4.43,7.848,2.303,0.992,3.387,0.3213,0.02107,0.2644,0.12494,0.94,4.773,1.507,2.346,0.1147,1.343,1.964,3.59,1.387,1.463,5.438,0.325,4.61,6.32,C57BL6J-638850.52
1104095349101460565-2,4.95779921523225,7.81365375655183,9.8,8.13,0.2668,7.523,0.2148,7.09,8.07,0.847,4.637,7.527,2.223,0.9316,3.27,0.1214,0,0.2856,0.05,1.15,3.889,1.637,2.037,0.082,1.456,1.939,3.682,1.776,1.416,5.92,0.2421,4.11,7.402,C57BL6J-638850.52
1104095349201460504,4.96135391068567,7.8302422461224,9.8,7.777,0.0981,7.562,0.557,6.887,7.848,0.5176,4.465,7.785,2.1,0.8057,3.47,0.2817,0.02107,0.3025,0.1511,0.8745,4.77,1.466,2.24,0.1147,1.37,1.944,3.602,1.307,1.249,5.6,0.3953,4.56,6.824,C57BL6J-638850.52
1104095349101460617-3,4.98637196604261,7.82188204932283,9.8,7.73,0.2144,7.516,0.3738,7.086,8.01,0.794,4.49,7.72,2.273,0.952,3.398,0.1444,0.02107,0.1796,0.1,1.182,3.832,1.621,2.24,0.1482,1.554,1.698,3.625,1.692,1.408,5.543,0.2101,3.955,7.117,C57BL6J-638850.52
1104095349101460612-3,4.97670610136264,7.85571075057428,9.8,7.715,0.1559,6.926,0.5684,6.547,7.74,0.6045,4.676,7.82,2.215,0.959,3.275,0.3184,0.04227,0.4058,0.2104,0.979,4.918,1.329,1.634,0.1298,1.175,1.965,3.639,1.616,1.335,5.62,0.4304,4.777,6.645,C57BL6J-638850.52
1104095349101460603-2,4.97345452219614,7.83815880698967,9.8,6.76,0.1975,6.016,0.5,6.547,7.15,0.6216,4.152,8.05,1.817,0.7617,2.393,0.3748,0,0.4019,0.05,1.125,4.1,0.7227,1.326,0.3582,0.782,1.489,3.36,2.143,1.055,4.977,0.3684,5.26,6.625,C57BL6J-638850.52
1104095349101460328-4,4.77816140843791,8.00889807463244,9.8,7.566,0.1372,5.562,0.562,4.9,5.277,0.2961,4.207,8.23,1.655,0.746,2.07,0.421,0.05368,0.2844,0.0738,0.9673,5.574,0.823,1.3545,0.04596,0.912,1.985,3.31,1.499,1.108,5.95,0.5435,4.82,4.66,C57BL6J-638850.52
1104095349101470549-1,4.95953265823251,7.75989789746136,9.8,7.81,0.03586,6.777,0.7866,7.297,8.23,0.2081,3.074,8.055,1.228,0.931,2.285,0.3442,0.0212,0.0581,0.10547,0.7554,4.613,0.84,1.952,0.004654,1.628,1.841,2.701,0.9893,1.495,5.418,0.3374,4.53,5.99,C57BL6J-638850.52
1104095349101470676-2,5.01955071637437,7.78062116196727,9.8,8.17,0.2405,7.695,0.2646,7.285,8.11,0.6475,4.5,7.62,2.248,0.864,3.6,0.1753,0.0212,0.314,0.1027,0.978,4.625,1.677,2.08,0.02434,1.424,1.669,3.543,1.538,1.28,6.098,0.2593,4.312,7.34,C57BL6J-638850.52
1104095349101470663-3,5.02343640715089,7.74003834197015,9.8,7.285,0.1228,6.664,0.5537,6.41,7.594,0.02687,2.543,8.07,1.0205,1.15,2.35,0.3418,0.04382,0.545,0.1517,0.9453,5.664,0.8794,0.7773,0,0.6206,1.372,2.996,0.969,1.123,6.332,0.4426,4.83,5.27,C57BL6J-638850.52
1104095349101470565-2,4.96349137986847,7.76668222841401,9.8,7.84,0.1487,7.414,0.5117,6.92,7.8,0.2588,3.447,7.61,1.388,0.9424,3.025,0.3076,0.0212,0.3254,0.0984,0.71,4.86,0.9155,1.57,0,1.124,1.921,3.094,1.287,1.358,5.598,0.3843,4.78,6.594,C57BL6J-638850.52
1104095349101470622-1,4.99966403593215,7.76418432946821,9.8,7.816,0.03586,7.105,0.841,6.918,8.29,0.2305,2.39,7.746,1.1,0.9595,1.921,0.3474,0.0212,0.03625,0.10547,0.659,4.66,0.8027,1.862,0.004654,1.524,1.629,2.71,0.9585,1.526,5.434,0.3152,4.453,5.875,C57BL6J-638850.52
1104095349101460590-2,4.9703912602909,7.82427532409031,9.8,7.562,0.198,7.33,0.444,7.043,7.883,0.3142,4.37,7.7,2.232,0.907,3.371,0.3823,0.0424,0.614,0.178,0.8364,5.008,1.158,1.351,0.0895,0.896,1.567,3.379,1.741,1.289,5.81,0.4092,4.95,7.152,C57BL6J-638850.52
1104095349101470626-1,5.00059823838388,7.77512667005454,9.8,7.65,0.0834,6.258,0.892,6.805,7.42,0.1411,3.564,8.195,1.377,0.988,2.236,0.366,0,0.11176,0.05453,0.9023,4.527,0.561,1.549,0.004654,0.992,2.002,2.344,1.163,1.2295,5.277,0.4207,4.66,5.867,C57BL6J-638850.52
1104095349101470638-2,5.00867336997304,7.74577620128458,9.8,7.297,0.1562,7.645,0.549,7.168,8.68,0.09534,2.75,7.625,1.37,0.9375,2.648,0.386,0.02261,0.5024,0.1428,1.005,6.02,1.015,0.869,0,0.8174,1.876,3.178,0.8716,1.651,6.562,0.3813,4.266,5.66,C57BL6J-638850.52
1104095349101470607-2,4.99672900252538,7.74473614821084,9.8,7.723,0.07355,7.867,0.4607,7.22,8.25,0.1614,3.805,7.91,1.406,0.965,3.428,0.533,0.0848,0.3196,0.2408,0.9746,6.277,1.009,1.348,0,1.153,1.832,3.447,0.891,1.507,6.29,0.3628,4.594,5.85,C57BL6J-638850.52
1104095349201470533,4.9752123455547,7.7455750269193,9.8,7.97,0.0727,7.613,0.564,6.97,7.94,0.2231,4.125,7.87,1.938,1.089,3.123,0.3472,0.0424,0.198,0.1711,0.904,6.094,0.942,1.534,0,1.283,1.837,3.254,1.236,1.316,6.246,0.3083,4.547,6.477,C57BL6J-638850.52
1104095349101460645-3,4.99583390441414,7.8245945929934,9.8,7.957,0.2493,7.49,0.386,6.95,7.992,1.149,5.234,7.562,3.014,0.91,3.438,0.2253,0.02248,0.4585,0.05,1.203,4.188,1.92,2.004,0.1675,1.517,2.479,4.207,1.613,1.867,5.95,0.4548,4.65,7.258,C57BL6J-638850.52
1104095349101470605-3,4.9920392959314,7.75971563494793,9.8,8.2,0.0744,7.973,0.2812,7.47,8.28,0.6606,4.586,7.617,2.195,0.912,3.58,0.1188,0,0.1846,0.1499,1.214,4.86,2.023,2.734,0.02434,2.113,1.847,3.768,1.367,1.389,5.875,0.0742,3.965,7.16,C57BL6J-638850.52
1104095349101470595-2,4.98588946684205,7.75127478088822,9.8,8.19,0.1367,7.953,0.2595,7.492,8.28,0.325,4.348,7.59,1.939,0.9146,3.53,0.1412,0,0.1631,0.0407,1.1875,4.676,1.263,2.16,0,1.703,1.993,3.03,1.195,1.284,5.99,0.206,3.924,6.973,C57BL6J-638850.52
1104095349101470580-3,4.98233836106635,7.72955413787429,9.8,7.875,0.0719,8.18,0.5796,7.188,8.36,0.2156,4.273,7.79,1.845,1.012,3.705,0.3818,0.0636,0.1686,0.1555,0.9404,5.82,0.914,1.534,0,1.385,2.162,3.176,0.919,1.712,6.11,0.3608,4.508,6.055,C57BL6J-638850.52
1104095349101470748,5.06473645947568,7.79629896628687,9.8,6.42,0.1356,3.652,0.5923,5,6.746,0.02715,3.932,7.98,2.646,0.8716,1.27,0.4028,0.03177,0.3958,0.0519,1.225,3.797,0.4846,1.001,0.4531,0.753,1.254,1.609,5.195,0.9604,4.53,0.882,4.918,6.875,C57BL6J-638850.52
1104095349101470561-2,4.95717666404645,7.79622215604071,9.8,8.23,0.12494,7.574,0.4863,7.22,8.37,0.3599,3.484,7.715,1.8,1.166,2.826,0.2057,0.0424,0.2113,0.2169,1.125,6.56,1.154,1.724,0,1.625,1.769,3.766,1.26,1.274,7.004,0.298,4.457,6.227,C57BL6J-638850.52
1104095349101470589-3,4.97876746435799,7.77255874107806,9.8,8.24,0.127,8.805,0.328,7.598,8.74,0.4539,4.535,7.523,2.166,0.9053,4.04,0.18,0,0.2937,0.11566,1.283,5.91,1.557,2.232,0,1.692,2.336,3.703,0.7905,1.905,6.625,0.2979,4.293,6.832,C57BL6J-638850.52
1104095349101470564-3,4.96551999093386,7.77333350261443,9.8,7.816,0.09644,7.383,0.5894,6.617,7.57,0.3528,4.19,8,1.621,0.917,3.111,0.3557,0.0424,0.1285,0.1854,0.906,5.402,1.333,2.191,0.056,1.723,1.986,3.13,1.069,1.157,5.562,0.314,4.31,5.96,C57BL6J-638850.52
1104095349101450258-1,4.71618116497779,8.35536956508734,9.8,7.73,0.844,7.344,1.07,6.97,8.78,0.6855,4.992,6.254,3.742,0.7354,3.37,3.451,0,0.892,0.02417,1.274,4.55,1.015,2.58,0.8125,1.711,3.025,4.605,3.281,2.404,4.664,0.8486,5.152,7.805,C57BL6J-638850.52
1104095349101460570-2,4.96262553103035,7.80580362010795,9.8,7.49,0.1708,7,0.4321,6.934,7.707,0.0689,3.693,8.01,1.555,1.108,2.965,0.4963,0.0848,0.6567,0.2578,0.9536,6.207,1.194,0.948,0,0.642,1.384,3.465,1.194,1.34,6.516,0.469,4.965,6.22,C57BL6J-638850.52
1104095349101460519-3,4.94561487546068,7.76966400140213,9.8,7.69,0.05765,6.535,0.822,6.945,7.99,0.1417,2.578,8.04,0.9907,0.954,1.784,0.439,0,0.08984,0.10547,0.8823,4.668,0.558,1.6045,0.004654,1.199,1.876,2.412,1.013,1.312,5.312,0.4434,4.633,5.59,C57BL6J-638850.52
1104095349101470553-2,4.95484865450162,7.77922992254561,9.8,7.918,0.2338,8.055,0.3528,7.273,8.19,0.6655,4.76,7.55,2.549,0.9097,3.996,0.1859,0.04227,0.394,0.2054,1.052,4.633,1.664,1.779,0.1147,1.48,2.139,3.803,1.326,1.533,5.832,0.3403,4.273,7.293,C57BL6J-638850.52
1104095349101470551-1,4.96397672092735,7.7439910376959,9.8,8.02,0.11005,7.465,0.333,7,7.9,0.7837,5.035,7.695,2.568,0.898,3.19,0.1504,0.02107,0.241,0.1,1.161,4.73,1.938,2.455,0.1147,1.856,2.332,3.885,1.582,1.706,5.8,0.2537,4.33,7.13,C57BL6J-638850.52
1104095349101470660-2,5.01862107018946,7.76399316929278,9.8,7.344,0.0757,5.73,0.6343,6.35,7.08,0.03146,2.73,8.266,1.031,0.8657,1.768,0.2893,0.001413,0.251,0.0469,1.163,4.355,0.7524,1.369,0.03156,0.791,1.34,1.971,0.9395,1.097,5.484,0.4568,4.98,5.957,C57BL6J-638850.52
1104095349101470674-1,5.01035240881964,7.80880663073468,9.8,7.555,0.0759,7.066,0.5107,6.773,7.758,0.3215,3.78,7.99,1.703,0.8296,3.074,0.415,0.0636,0.2932,0.1875,0.8813,5.344,0.875,1.393,0.0895,0.9478,1.745,3.137,1.341,1.143,5.75,0.385,4.77,6.312,C57BL6J-638850.52
1104095349101460698-1,5.02295589351584,7.83226912723504,9.8,7.887,0.2646,8.11,0.3655,7.402,8.27,0.811,4.88,7.5,2.535,0.916,4.06,0.1776,0,0.2288,0.12494,1.098,4.215,1.759,2.27,0.082,1.601,2.125,3.84,1.31,1.582,5.758,0.2563,4.3,7.34,C57BL6J-638850.52
1104095349101470569-2,4.96706873800535,7.78362186947773,9.8,7.57,0.10077,5.938,0.6597,6.59,6.992,0.3838,3.715,8.2,1.348,0.7627,1.745,0.433,0,0.1779,0.025,0.696,4.617,0.8286,1.805,0.10254,1.255,1.88,2.787,1.196,1.174,5.25,0.2769,4.953,5.906,C57BL6J-638850.52
1104095349101470552-3,4.96679280012953,7.72847306705762,9.8,7.742,0.1236,7.25,0.6914,6.734,8.32,0.1613,2.35,7.652,0.9478,0.929,2.404,0.401,0.0848,0.2908,0.1499,0.8213,6.14,0.856,0.923,0,0.8994,1.335,3.408,0.8184,1.677,6.434,0.3818,4.05,5.63,C57BL6J-638850.52
1104095349101460644-1,4.9967580659326,7.83252540320921,9.8,7.67,0.2595,6.98,0.3809,6.715,7.953,1.17,4.93,7.703,2.486,0.829,3.314,0.2852,0.02107,0.447,0.1,1.311,4.44,1.686,1.8,0.2068,1.29,1.983,3.928,1.977,1.613,5.59,0.382,4.695,7.03,C57BL6J-638850.52
1104095349101460542-1,4.95077490216374,7.80774168429878,9.8,7.773,0.03342,6.82,0.6084,7.25,7.977,0.3474,3.752,7.945,1.485,1.073,2.387,0.3167,0,0.1318,0.10547,0.798,4.758,0.9688,2.223,0.06064,1.699,1.896,3.084,1.412,1.361,5.43,0.3137,4.555,6.24,C57BL6J-638850.52
1104095349100980104-1,3.15431964025726,7.88281640171453,9.8,7.98,0.925,9.625,0.8633,5.63,9.28,0.685,4.41,4.906,4.66,0.4097,2.414,1.259,0,0.2646,0.09436,0.984,2.871,0.597,2.035,0.1145,1.624,3.773,4,3.225,4.48,5,0.635,2.69,7.477,C57BL6J-638850.52
1104095349100970374-1,3.40890797578248,8.02409091127756,9.8,5.812,3.31,9.484,3.486,4.69,8.78,2.076,4.215,4.61,4.906,0.505,2.09,2.912,0,0.2625,0.04272,0.7783,4.21,0.4678,2.92,0.3606,1.993,4.18,5.23,3.74,5.25,6.477,2.584,3.25,7.188,C57BL6J-638850.52
1104095349100970053-2,3.14374321648824,7.94521495157615,9.8,5.13,3.885,9.51,4.23,5.223,8.92,2.055,3.566,4.42,4.332,0.5103,2.346,3.496,0.02203,0.4397,0.05414,0.8354,4.613,0.5146,2.463,0.11,1.842,3.781,5.656,3.281,4.797,6.215,3.291,3.457,7.01,C57BL6J-638850.52
1104095349101460688-3,4.93791288491667,8.22050855399772,9.8,7.605,0.2109,9.38,0.4604,7.805,9.15,0.2362,5.06,5.47,3.814,0.6484,4.6,3.451,0,1.362,0.05676,1.25,3.418,0.7764,1.811,0.983,1.238,3.225,3.43,1.657,3.117,3.36,0.7417,4.707,7.8,C57BL6J-638850.52
1104095349100970409-2,3.40750703064298,8.14782459803364,9.8,7.51,1.384,9.695,1.475,6.33,9.13,1.22,4.42,4.81,4.914,0.531,2.549,3.498,0.02203,0.346,0.04272,1.057,4.523,1.094,2.676,0.401,1.789,3.75,5.625,3.143,4.64,6.43,1.569,3.916,7.703,C57BL6J-638850.52
1104095349101290744,4.46337157253328,8.46509011024566,9.8,8.086,0.6064,6.812,0.4683,6.223,9.08,2.158,5.246,6.8,4.4,0.9365,2.22,0.43,0.00277,0.5864,0.09393,1.6455,3.467,1.453,1.141,0.1561,1.272,3.576,5.094,3.969,2.371,6.37,0.3984,4.65,7.723,C57BL6J-638850.52
1104095349201450068,4.58886624103843,8.37407518910343,9.8,8.09,0.447,7.55,0.4688,6.797,9.23,1.934,5.582,6.695,4.21,0.9966,2.664,0.4944,0.004173,0.675,0.0757,1.608,3.787,1.683,1.278,0.1486,1.265,3.686,4.99,3.404,2.918,6.445,0.501,4.88,8.08,C57BL6J-638850.52
1104095349101460481-1,4.9021884449982,7.87343429756421,9.8,7.355,0.3867,4.395,0.451,4.754,7.54,1.946,4.934,7.59,3.404,0.938,2.775,0.482,0.04214,0.7017,0.0639,1.788,4.29,0.8086,0.645,0.2798,0.64,2.236,5.02,4.19,1.174,5.734,0.396,5.414,6.625,C57BL6J-638850.52
1104095349101290105-1,4.09731831818504,8.27619023540303,9.8,7.44,1.575,9.25,1.473,7.344,8.875,0.5796,4.61,4.703,3.799,0.319,3.629,3.771,0.02432,0.318,0.11914,0.68,3.994,0.615,2.197,0.3496,1.397,3.326,4.91,2.63,3.834,5.13,1.255,2.941,7.758,C57BL6J-638850.52
1104095349101290786,4.49435342318349,8.46259908779677,9.8,6.824,2.29,9.5,2.037,7.383,9.11,1.07,4.88,5.375,3.695,0.689,4.37,2.531,0,0.207,0.0811,0.7964,3.002,0.587,1.644,0.286,1.303,3.627,4.05,2.008,3.898,4.1,1.311,2.547,7.58,C57BL6J-638850.52
1104095349101450091-1,4.56347288313579,8.44898935496745,9.8,7.637,1.038,9.62,1.193,7.047,9.33,1.055,4.848,5.41,3.697,0.6323,4.215,4.098,0,0.74,0.0833,1.191,4.41,0.774,2.646,0.4373,1.988,3.738,4.938,2.168,3.969,5.26,1.473,4.312,7.46,C57BL6J-638850.52
1104095349100980153-2,3.18624621471185,7.86421935457887,9.8,7.285,1.714,9.84,1.81,3.357,8.664,1.012,3.531,4.008,5.06,0.2081,1.761,2.395,0,0.3564,0.1263,1.361,3.85,0.354,2.672,0.2108,1.781,3.979,4.63,2.94,5.508,6.473,1.502,3.143,6.316,C57BL6J-638850.52
1104095349101450105-1,4.59485973838696,8.33344492404094,9.8,8.1,0.322,9.195,0.503,7.504,9.11,0.507,5.305,6.094,3.496,0.659,4.78,3.873,0,1.217,0.0765,1.189,4.28,1.261,2.326,0.933,1.301,3.307,4.26,1.362,2.85,4.07,0.6177,4.945,7.547,C57BL6J-638850.52
1104095349101450115-1,4.58004035749136,8.44052849621712,9.8,4.598,4.742,9.49,4.566,6.645,9.07,1.057,4.34,5.035,4.01,0.09155,3.344,3.498,0,0.3706,0,0.4067,2.494,0.05594,1.262,0.2998,1.057,3.514,4.492,2.799,4.145,2.557,2.727,1.932,7.5,C57BL6J-638850.52
1104095349101620072-3,5.15029216234374,7.87519878872845,9.8,7.4,0.776,8.86,0.816,7.137,9,0.3157,4.74,7.086,3,0.339,4.695,3.816,0.04355,1.283,0.05264,1.107,3.826,0.5146,1.956,0.721,1.322,2.764,3.639,1.149,2.494,3.664,0.7427,4.598,6.94,C57BL6J-638850.52
1104095349101460614-2,4.98082980356864,7.8321510324501,9.8,8.24,0.179,7.758,0.264,7.336,8.01,0.5903,4.84,7.668,2.117,0.873,3.334,0.1628,0,0.2319,0.1527,1.172,4.992,1.869,2.646,0,1.731,2.008,3.854,1.228,1.491,5.957,0.1665,3.852,7.03,C57BL6J-638850.52
1104095349100970428-2,3.44203485158026,8.02400162274128,9.8,7.273,1.757,9.13,1.855,6.535,9.12,1.118,4.688,4.906,4.367,0.8037,2.8,1.667,0,0.10016,0.07623,1.147,2.895,0.4756,3.469,0.3516,2.518,4.11,4.11,3.324,4.508,6.51,1.041,3.076,7.71,C57BL6J-638850.52
1104095349101470629-3,4.99476291642533,7.79821388010135,9.8,8.22,0.3677,8.65,0.3362,7.844,8.91,0.5845,5.137,6.223,2.928,1.004,4.207,0.531,0,0.7695,0.07404,1.248,5.06,1.288,1.17,0.1071,0.89,2.451,4.023,1.457,2.379,6.703,0.3843,4.645,7.992,C57BL6J-638850.52
1.01813383620145e+18,3.33456908786032,7.606550389245,10.2,2.045,0.1311,3.363,0.1217,5.1,7.043,0.3164,4.867,8.21,3.227,1.051,0.595,0.264,0.3425,1.264,0.0701,2.404,4.023,0.0832,2.87,0.2583,0.78,1.234,2.338,6.77,1.006,3.713,5.9,4.34,7.812,C57BL6J-638850.54
1.01813383620183e+18,4.73133900992937,7.9285048168488,10.2,6.71,2.37,9.83,2.387,7.13,9.016,0.4033,4.676,5.477,3.674,0.2861,4.793,3.066,0,1.06,0.03123,0.2659,3.264,0.05933,0.8584,0.2073,0.7515,3.436,4.918,1.35,3.531,1.292,1.025,2.723,7.2,C57BL6J-638850.54
1.01813383620145e+18,3.66871068671736,7.79706124534488,10.2,6.97,1.961,7.566,1.977,5.793,8.64,1.056,4.023,5.656,3.912,0.3948,2.09,3.441,0,0.3315,0.0723,0.833,4.707,0.67,2.701,0.3406,2.12,2.865,4.91,4.266,3.398,6.28,1.781,3.824,7.633,C57BL6J-638850.54
1.01813383610182e+18,4.11851679398626,8.02935744834782,10.2,7.023,2.29,9.56,2.018,6.934,9.53,0.209,4.324,5.902,3.15,0.6274,3.74,2.371,0,0.2842,0.06046,0.4663,2.191,0.191,1.232,0.2356,1.038,3.24,4.277,1.752,3.275,2.129,1.562,1.795,6.95,C57BL6J-638850.54
1.01813383610201e+18,4.7158010181488,8.03840901800582,10.2,8.24,0.2876,9.38,0.2429,6.594,9.336,0.6226,4.406,4.832,3.93,0.676,3.082,0.3586,0,0.453,0.102,1.327,4.266,1.244,1.482,0.05325,1.765,3.277,4.113,2.47,3.67,6.566,0.1716,3.322,7.484,C57BL6J-638850.54
1.01813383610182e+18,4.37757630186711,8.01356806698679,10.2,7.938,0.417,7.586,0.4272,6.06,9.29,1.158,4.75,6.36,4.16,0.758,2.062,0.397,0.001405,0.3843,0.0512,1.574,3.984,0.8804,0.8813,0.1179,0.8867,3.473,4.574,3.934,3.088,6.516,0.2769,4.113,7.707,C57BL6J-638850.54
1.01813383610183e+18,4.62706716219839,7.96553173628688,10.2,8.19,0.3608,8.414,0.5176,4.453,9.055,1.221,4.543,5.49,4.516,0.953,2.273,0.5127,0.006897,0.915,0.1294,2.062,4.53,0.7124,1.064,0.02777,1.171,3.74,5.965,3.582,3.969,7.84,0.4514,4.434,7.137,C57BL6J-638850.54
1.018133836102e+18,4.64973933207135,8.17103983419018,10.2,8.27,0.363,8.99,0.2434,7.773,9.25,1.38,5.32,5.375,3.883,0.9263,4.055,0.399,0.00277,0.3884,0.12317,1.63,3.902,1.809,1.538,0.07477,1.69,3.19,4.39,2.018,3.07,6.65,0.3247,4.2,8.055,C57BL6J-638850.54
1.01813383620182e+18,4.62935752482428,8.05312262760753,10.2,8.164,0.3188,7.863,0.431,6.465,9.28,1.308,5.08,6.33,4.348,0.986,2.56,0.529,0.001365,0.6406,0.1395,1.581,4.375,1.309,1.363,0.1104,1.348,3.268,5,3.668,3.098,7.01,0.3608,4.406,7.906,C57BL6J-638850.54
1.01813383610183e+18,5.03670598337051,7.69356771465163,10.2,7.867,0.506,9.69,0.6304,3.799,9.33,0.887,3.773,4.52,3.658,0.8027,3.562,0.3433,0.009575,1.231,0.01485,1.627,5.977,0.2583,0.49,0.001629,0.7607,2.957,6.293,2.16,4.35,7.977,0.4624,3.984,5.96,C57BL6J-638850.54
1.01813383620183e+18,4.71793936461527,7.93123031069039,10.2,8.14,0.487,9.3,0.561,4.195,9.08,1.149,4.51,5.055,5.004,0.8354,1.97,0.537,0.02893,0.866,0.1064,2.201,3.818,0.6084,1.2295,0.05325,1.133,4.125,5.754,3.416,4.934,7.727,0.5356,4.188,7.016,C57BL6J-638850.54
1.01813383620182e+18,4.1249527917228,8.13372695599368,10.2,8.37,0.3762,8.734,0.2532,6.832,9.28,1.586,5.086,5.742,4.67,1.112,2.49,0.3206,0.02339,0.5596,0.0893,1.6045,3.703,1.587,1.515,0.03102,1.81,3.611,4.79,3.648,4.105,7.074,0.6416,4.273,8.12,C57BL6J-638850.54
1.01813383610182e+18,4.08795845735275,8.10430653627621,10.2,8.14,0.4585,7.527,0.5483,6.184,9.32,1.853,5.184,6.63,4.453,1.105,1.746,0.4253,0.0248,0.658,0.06186,1.85,3.24,1.438,1.484,0.1134,1.498,3.633,5.14,4.33,3.479,6.664,0.4548,4.39,8.25,C57BL6J-638850.54
1.018133836102e+18,4.66913592880139,8.18389191359059,10.2,8.1,0.2253,7.688,0.4102,6.023,9.38,1.709,4.95,6.258,4.52,0.9434,2.13,0.352,0.0248,0.7705,0.12317,1.925,3.771,1.46,1.195,0.0955,1.212,3.465,5.26,3.992,3.096,6.895,0.4978,4.652,7.883,C57BL6J-638850.54
1.01813383610182e+18,4.58915821700138,7.95711751204994,10.2,8.21,0.3608,8.625,0.539,4.867,8.875,1.173,4.484,5.332,4.78,0.913,2.338,0.4917,0.02893,0.884,0.069,2.113,4.34,0.728,1.049,0.02777,1.207,3.633,5.918,3.63,4.027,7.887,0.5312,4.37,7.355,C57BL6J-638850.54
1.018133836102e+18,4.58521172920642,8.2308212501025,10.2,8.17,0.266,8.47,0.4517,6.35,9.13,1.454,4.99,5.82,4.543,0.987,2.512,0.534,0.0248,0.716,0.1515,1.639,4.258,1.459,1.289,0.07,1.275,3.396,5.254,3.639,3.72,7.047,0.513,4.586,7.92,C57BL6J-638850.54
1.018133836102e+18,4.59892749578796,8.17665685601003,10.2,8.414,0.265,8.11,0.2137,7.3,9.23,1.184,5.527,6.324,4.35,0.9556,2.613,0.3948,0.001405,0.3574,0.05756,1.472,4.203,1.988,1.897,0.03867,1.875,3.588,4.4,3.62,3.4,6.62,0.386,3.844,8.47,C57BL6J-638850.54
1.018133836102e+18,4.60891458877265,8.1696363289924,10.2,8.24,0.3457,8.43,0.3604,7.42,9.266,1.773,5.62,6.074,4.27,1.134,3.014,0.373,0.001365,0.4346,0.0973,1.531,3.781,1.943,1.492,0.0688,1.651,3.656,4.86,3.238,3.791,6.54,0.5376,4.484,8.45,C57BL6J-638850.54
1.01813383610182e+18,4.4159375961769,8.12652649361182,10.2,8.445,0.334,9.44,0.3257,6.55,9.21,1.07,4.83,5.23,4.742,1.169,2.701,0.509,0.02339,0.4246,0.1647,1.496,4.258,1.343,1.71,0.02777,1.785,3.771,4.656,3.17,4.605,7.195,0.5396,3.803,7.918,C57BL6J-638850.54
1.01813383620182e+18,4.62275320959584,8.04267353521361,10.2,8.36,0.3547,9.16,0.3354,5.902,9.14,1.411,4.605,5.203,4.83,1.016,2.404,0.407,0.02339,0.655,0.1113,1.591,3.93,1.43,1.686,0.02777,1.899,3.643,4.94,3.465,4.387,7.184,0.6304,4.06,7.633,C57BL6J-638850.54
1.01813383620182e+18,4.39540676166321,8.16180156491031,10.2,8.29,0.2617,7.47,0.3677,6.445,9.35,1.755,5.3,6.492,4.336,0.9814,2.164,0.3176,0.0248,0.711,0.0948,1.881,3.658,1.317,1.224,0.0651,1.543,3.416,5.246,4.04,3.246,7.23,0.449,4.598,8.29,C57BL6J-638850.54
1.01813383620182e+18,4.13083282323458,8.10582479638199,10.2,8.24,0.4077,8.16,0.4053,5.58,9.29,1.434,4.65,6.008,4.88,1.134,1.676,0.5063,0.0248,0.5757,0.1097,1.719,3.387,1.229,1.442,0.0661,1.596,3.785,5.152,4.273,3.904,7.15,0.566,4.363,7.867,C57BL6J-638850.54
1.01813383620182e+18,4.58926266684345,7.94984129265016,10.2,8.05,0.7407,8.74,0.489,3.62,9.01,1.316,4.188,4.836,3.87,1.026,3.35,0.4731,0.001365,1.08,0.04404,1.906,4.977,0.3154,0.877,0.02777,1.08,3.111,6.383,2.777,3.885,7.75,0.4553,4.44,6.04,C57BL6J-638850.54
1.01813383620202e+18,5.16394292021207,7.74916260733159,10.2,8.15,0.4084,6.63,0.4028,6.695,9.086,1.854,5.45,7.094,4.26,1.054,2.314,0.4873,0.001405,0.5967,0.07153,1.568,4.043,1.789,1.367,0.1683,1.303,3.201,4.797,3.986,2.19,6.43,0.427,4.84,8.14,C57BL6J-638850.54
1.018133836202e+18,4.7043883076335,8.12089193126601,10.2,8.21,0.386,7.613,0.3582,6.92,9.26,1.945,5.258,6.6,4.57,0.9536,2.041,0.3376,0.0248,0.6265,0.09814,1.641,3.53,1.704,1.004,0.1061,1.449,3.309,5.035,4.266,2.797,6.746,0.569,4.883,8.305,C57BL6J-638850.54
1.018133836202e+18,4.73866221234525,8.07927319736601,10.2,8.36,0.1036,9.74,0.4565,7.668,9.48,0.968,5.105,5.29,2.936,0.894,4.426,0.4272,0,0.631,0.12396,1.899,5.117,1.451,1.335,0.05554,1.474,3.402,4.473,1.442,3.408,7.055,0.376,4.152,7.613,C57BL6J-638850.54
1.01813383620182e+18,4.61156860198669,8.0386007829462,10.2,8.414,0.2834,8.766,0.2263,7.082,9.32,1.252,5.184,5.707,4.47,1.065,2.79,0.3367,0.02339,0.3665,0.0893,1.504,3.928,1.819,1.673,0.0572,1.796,3.596,4.32,3.383,3.729,6.742,0.6177,3.936,8.11,C57BL6J-638850.54
1.018133836202e+18,4.7205840630004,8.11666841326926,10.2,8.44,0.3184,9.39,0.4897,7.145,9.375,1.304,5.684,5.133,4.26,1.073,3.604,0.1732,0.02339,0.545,0.10455,1.62,4.297,1.894,2.191,0,2.172,4.535,4.39,2.123,4.656,6.934,0.4856,3.635,7.902,C57BL6J-638850.54
1.01813383610183e+18,4.7168007123232,8.05001401843178,10.2,8.3,0.2355,8.664,0.4863,5.65,9.43,1.25,4.816,5.645,4.63,0.991,2.168,0.579,0.02339,0.7764,0.1414,1.859,4.37,1.302,1.341,0.02777,1.41,3.656,5.38,3.674,3.887,7.516,0.518,4.266,7.656,C57BL6J-638850.54
1.018133836202e+18,4.68516740237092,8.12799668680193,10.2,8.06,0.2786,6.83,0.4365,6.44,9.14,1.883,5.266,6.91,4.22,0.9033,2.146,0.3843,0.004173,0.7314,0.0749,1.684,3.672,1.604,1.174,0.1125,1.24,3.205,5.09,4.297,2.648,6.562,0.4507,4.918,8.27,C57BL6J-638850.54
1.018133836202e+18,4.63652854672864,8.18891901356171,10.2,8.15,0.479,6.95,0.4124,6.383,9.1,1.9375,4.984,6.715,4.223,1.028,2.41,0.4297,0.00277,0.7944,0.04395,1.541,4.234,1.141,0.7915,0.12067,1.028,3.334,5.508,3.926,2.48,6.957,0.3816,5.016,7.86,C57BL6J-638850.54
1.01813383610201e+18,4.84814055249917,8.03794735898115,10.2,7.88,0.718,9.35,0.871,6.504,8.94,0.2537,4.074,4.89,3.781,0.55,3.338,3.467,0.02432,0.7505,0.1048,0.7476,4.723,0.9595,1.946,0.4521,1.611,3.299,4.875,2.805,3.96,6.41,0.9136,4.023,7.402,C57BL6J-638850.54
1.01813383620182e+18,4.62416627630705,8.18779313681901,10.2,8.41,0.2896,8.58,0.1686,7.61,9.21,1.129,5.312,6.066,4.207,0.908,3.293,0.351,0.001405,0.2886,0.1215,1.494,4,1.955,1.749,0.06647,1.803,3.137,4.02,3.15,2.95,6.54,0.4622,3.717,8.266,C57BL6J-638850.54
1.01813383610181e+18,4.11189845635686,8.13608666494758,10.2,8.21,0.2483,8.56,0.474,6.152,9.39,1.291,4.8,5.92,4.703,1.113,1.944,0.5044,0.0248,0.6895,0.1015,1.899,3.898,1.119,1.31,0.06287,1.292,3.467,5.336,4.004,3.957,7.457,0.5273,4.406,8.02,C57BL6J-638850.54
1.01813383620182e+18,4.13365502437343,8.12343145044948,10.2,8.23,0.2644,7.727,0.341,6.78,9.16,1.832,5.453,6.52,4.375,1.011,2.166,0.345,0.02339,0.6133,0.1093,1.607,3.701,1.577,1.121,0.07574,1.593,3.535,5.055,3.936,3.34,6.87,0.587,4.76,8.305,C57BL6J-638850.54
1.01813383620183e+18,4.74574627400158,7.95130055164917,10.2,8.37,0.4226,8.53,0.5645,6.152,9.18,0.943,5.12,5.715,4.203,0.8906,3.18,0.367,0.001365,0.4683,0.1012,1.736,4.574,1.6045,2.47,0.05554,2.062,4.25,4.367,2.93,3.775,6.707,0.2913,3.514,7.26,C57BL6J-638850.54
1.01813383610183e+18,5.040340121598,7.6993342437145,10.2,8,0.4963,9.9,0.627,2.225,8.875,0.9717,4.418,4.09,4.836,1.103,2.871,0.4446,0.006878,1.206,0.05713,1.968,5.207,0.2028,0.77,0.001629,0.9883,3.47,6.45,2.303,5.465,8.125,0.4775,4.207,6.19,C57BL6J-638850.54
1.01813383610182e+18,4.09968748700373,8.07135103282363,10.2,8.37,0.4272,9.27,0.3862,5.973,9.414,1.271,4.64,5.355,5.094,0.774,2,0.5127,0.02339,0.4468,0.1744,1.694,3.562,1.309,1.92,0.05325,2.037,4.016,4.43,3.645,4.695,7.062,0.525,3.805,7.83,C57BL6J-638850.54
1.01813383620182e+18,4.27836118942587,8.22877544807375,10.2,8.18,0.3335,6.953,0.4043,6.05,9.14,1.887,5.016,6.633,4.344,1.014,2.021,0.3901,0.0248,0.6987,0.0948,1.847,3.77,1.243,1.101,0.0751,1.255,3.531,5.445,4.227,2.668,7.062,0.407,4.7,7.816,C57BL6J-638850.54
1.01813383620182e+18,4.62164029306759,8.0535594507058,10.2,8.42,0.2751,8.71,0.2986,6.793,9.32,1.463,5.387,5.74,4.582,1.05,2.545,0.348,0.02339,0.4468,0.11633,1.567,3.844,1.812,1.828,0.03102,2.01,3.691,4.586,3.586,4.22,6.844,0.726,4.008,8.18,C57BL6J-638850.54
1.01813383610182e+18,4.3910579410587,8.15678872268675,10.2,8.27,0.3528,8.1,0.2903,6.777,9.266,1.598,5.11,6.22,4.594,0.976,2.025,0.333,0.0248,0.512,0.1515,1.676,3.668,1.6,1.19,0.04895,1.516,3.598,4.844,4.043,3.482,6.82,0.587,4.336,8.13,C57BL6J-638850.54
1.01813383610182e+18,4.42286481672641,8.12607023032453,10.2,8.41,0.2664,9.04,0.1874,7.496,9.35,1.027,5.137,5.496,4.25,0.7993,3.422,0.3816,0,0.2048,0.09436,1.6455,3.99,1.934,1.678,0.05554,1.961,3.19,3.88,2.557,3.648,6.473,0.1364,3.531,8.07,C57BL6J-638850.54
1.018133836202e+18,4.65904096889266,8.18482121655904,10.2,8.06,0.2935,6.938,0.4104,6.516,9.13,1.881,5.37,6.887,4.19,0.9375,2.252,0.3625,0.004173,0.65,0.1007,1.71,3.637,1.653,1.197,0.1125,1.246,3.135,5.03,4.14,2.635,6.49,0.4722,4.848,8.27,C57BL6J-638850.54
1.01813383620183e+18,4.87217480211564,7.83968887036936,10.2,8.45,0.2454,9.266,0.2668,7.84,9.305,1.231,5.336,5.48,4.2,0.9453,4.168,0.3716,0.001365,0.369,0.11426,1.616,4.258,2.014,1.82,0.05554,2.023,3.336,4.312,2.066,3.662,6.75,0.2896,3.88,8.016,C57BL6J-638850.54
1.018133836202e+18,4.6625730517918,8.13755541697961,10.2,8.3,0.2698,8.17,0.3186,6.938,9.35,1.605,5.39,6.152,4.344,1.153,2.941,0.4773,0.02339,0.4995,0.1193,1.676,4.06,1.6875,1.439,0.11273,1.604,3.428,4.805,3.227,3.371,6.957,0.474,4.555,8.055,C57BL6J-638850.54
1.018133836202e+18,4.65152898979902,8.1908308077525,10.2,8.08,0.3857,6.74,0.4512,6.5,9.19,2.107,5.37,7.152,4.297,0.9946,1.743,0.4768,0.00277,0.7583,0.10803,1.683,3.775,1.381,1.088,0.1287,1.304,3.174,5.4,4.598,2.568,6.598,0.3533,4.98,8.41,C57BL6J-638850.54
1.01813383620182e+18,4.31366706410475,8.24765609964778,10.2,8.17,0.1783,7.066,0.4036,6.188,9.125,1.3125,5.008,6.637,4.16,0.9165,2.426,0.368,0.00277,0.7344,0.11115,1.763,4.457,1.386,1.11,0.0978,1.142,3.008,4.824,4.01,2.395,7.027,0.4473,4.516,7.836,C57BL6J-638850.54
1.018133836202e+18,4.7070526661294,8.13455690346268,10.2,8.5,0.2783,9.18,0.3113,7.902,9.34,1.07,5.453,5.37,4.18,1.06,3.951,0.3284,0,0.2979,0.11096,1.661,4.336,2.094,2.11,0.05554,2.139,3.564,4.406,2.004,3.8,6.66,0.2627,3.639,8.26,C57BL6J-638850.54
1.018133836102e+18,4.7221958309289,8.08586945928025,10.2,8.22,0.3455,8.89,0.4978,5.168,9.04,1.101,4.695,5.176,4.42,1.023,2.713,0.545,0.02893,0.851,0.1459,1.862,4.176,0.991,1.535,0.05325,1.316,3.492,5.24,3.24,4.055,7.402,0.5,4.125,7.258,C57BL6J-638850.54
1.01813383610182e+18,4.09452805133592,8.11857339663132,10.2,8.31,0.3408,7.816,0.3296,6.25,9.336,1.67,4.96,6.395,4.652,1.116,1.876,0.4473,0.02339,0.607,0.1127,1.734,3.672,1.251,1.267,0.0572,1.682,3.408,5.26,4.26,3.402,7.285,0.554,4.6,8.16,C57BL6J-638850.54
1.01813383610183e+18,4.68564264448452,8.01518613408802,10.2,8.266,0.4824,7.92,0.5,5.406,9.26,1.151,4.895,5.855,4.26,0.8433,2.77,0.4998,0.001365,0.5317,0.1796,1.602,4.664,1.472,1.781,0.05554,1.617,3.607,4.76,3.54,3.246,7.03,0.2615,3.9,7.348,C57BL6J-638850.54
1.018133836202e+18,4.74689481819042,8.0815320077371,10.2,8.414,0.2896,9.15,0.398,6.848,9.2,1.247,5.266,5.453,4.27,0.9883,3.375,0.3118,0.02339,0.454,0.0508,1.661,4.168,1.616,2.273,0.05554,2.129,4.254,4.598,2.535,4.574,6.85,0.5264,3.943,7.805,C57BL6J-638850.54
1.018133836202e+18,4.66852119766825,8.17444869284375,10.2,8.445,0.2096,9.01,0.2255,7.914,9.25,1.05,5.37,5.562,3.857,0.903,3.957,0.3367,0,0.1942,0.07056,1.524,4.105,2.174,2.102,0.05554,1.921,3.373,4.16,2.42,3.25,6.336,0.376,3.678,8.32,C57BL6J-638850.54
1.01813383620164e+18,3.77536459633657,7.85852773622461,10.2,7.83,0.8906,9.516,1.031,6.832,9.17,0.2913,4.64,4.96,4.867,0.4644,2.748,2.691,0.02432,0.2451,0.1376,0.886,3.592,0.463,2.635,0.3892,1.908,3.69,3.965,3.164,4.336,5.535,0.9263,3.252,7.977,C57BL6J-638850.54
1.018133836102e+18,4.74038489280889,8.08642047578574,10.2,8.25,0.2903,7.816,0.4006,6.266,9.26,1.532,5.09,6.207,4.53,1.073,2.285,0.485,0.0248,0.6025,0.1265,1.717,3.928,1.277,1.385,0.0651,1.6455,3.299,5.152,4.043,3.338,7.254,0.5815,4.547,8.07,C57BL6J-638850.54
1.01813383620163e+18,3.68069637826376,7.82454119818822,10.2,7.965,0.961,9.57,1.08,6.656,9.336,0.7505,5.094,5.117,4.79,0.4514,2.754,2.432,0.04636,0.2778,0.1666,1.084,3.95,0.9697,2.916,0.312,2.043,4.066,4.945,3.174,4.926,6.63,1.029,3.6,8.016,C57BL6J-638850.54
1.01813383610183e+18,4.72495486014113,8.05220044794934,10.2,5.957,2.896,6.332,3.105,5.785,8.92,1.868,5.25,6.67,4.188,1.095,2.059,1.542,0,0.4792,0.04395,1.213,3.791,0.1445,1.881,0.157,1.574,3.398,5.586,4.39,2.6,6.953,1.938,3.49,7.824,C57BL6J-638850.54
1.01813383610164e+18,3.87362820484187,7.81157332507911,10.2,6.42,2.598,9.8,2.674,1.691,8.13,1.609,3.037,3.797,5.37,0.10614,1.386,1.53,0.0202,0.357,0.0351,1.277,3.8,0.1406,2.111,0.0822,1.808,4.723,4.945,2.63,6.02,7.17,1.875,3.062,4.324,C57BL6J-638850.54
1.01813383620164e+18,3.78130621349143,7.85263407333375,10.2,8.09,0.549,9.64,0.633,5.777,9.01,0.814,4.01,4.68,4.77,0.2627,2.262,0.811,0.02203,0.421,0.02838,1.463,3.969,1.1,1.71,0.0842,1.509,4.07,4.418,3.527,4.94,6.47,0.4622,3.398,7.41,C57BL6J-638850.54
1.01813383620182e+18,4.46572885813183,8.08915788153571,10.2,8.27,0.2524,8.63,0.4927,6.383,9.41,0.9985,4.96,5.797,4.797,0.25,2.082,0.817,0.02339,0.655,0.05096,1.847,4.066,0.94,1.433,0.05325,1.281,3.328,5.055,3.973,3.6,7.1,0.537,4.062,8.09,C57BL6J-638850.54
1.01813383610182e+18,4.09673868265322,8.09440189369301,10.2,8.29,0.333,9.02,0.43,5.848,9.38,1.407,4.883,5.61,4.76,1.039,1.995,0.6284,0.02339,0.5557,0.1377,1.928,3.87,1.256,1.553,0.0549,1.609,3.648,5.246,3.969,4.492,7.24,0.455,4.23,7.92,C57BL6J-638850.54
1.01813383610182e+18,4.57450599351758,7.941651678685,10.2,4.645,4.793,9.42,4.41,7.48,9.16,0.3699,4.777,5.55,3.426,0,4.367,3.453,0,0.3406,0,0.27,2.285,0.02954,0.658,0.1808,0.4468,3.322,4.875,1.4795,3.219,1.144,2.6,2.281,7.332,C57BL6J-638850.54
1.01813383620164e+18,3.76493802097447,7.76474519908806,10.2,7.754,1.424,7.996,1.739,7.01,9.19,0.399,5.09,6.375,4.76,0.0766,1.988,1.279,0,0.199,0.02838,0.5474,2.402,0.02708,2.336,0.91,1.489,3.252,4.42,4.074,2.918,3.426,1.22,1.856,8.2,C57BL6J-638850.54
1.01813383610201e+18,4.87614382368147,8.00516426960997,10.2,8.36,0.5303,9.555,0.548,6.99,9.38,0.8486,5.28,4.98,4.562,0.4124,3.281,0.499,0.02203,0.352,0.2357,1.559,3.75,1.113,2.682,0.04675,2.424,4.312,4.008,2.707,4.844,7.055,0.3794,3.354,7.97,C57BL6J-638850.54
1.01813383610182e+18,4.45581003073721,8.08177331732146,10.2,5.008,4.39,8.94,4.004,7.453,9.21,0.242,4.836,5.98,3.371,0.1123,3.668,3.303,0,0.3406,0.02824,0.2073,2.11,0,0.656,0.1809,0.508,3.203,4.71,2.078,2.658,1.083,2.496,2.16,7.82,C57BL6J-638850.54
1.01813383610182e+18,4.51376961334238,8.07562413726283,10.2,8.41,0.382,9.25,0.2717,7.56,9.41,0.9673,4.867,5.133,4.03,0.5894,3.367,0.7407,0,0.2722,0.0899,1.653,3.914,1.475,1.839,0.08105,1.843,3.363,4.156,2.49,3.639,6.46,0.35,3.592,8.016,C57BL6J-638850.54
1.018133836102e+18,4.62318623369902,8.17607630356181,10.2,8.19,0.2052,7.5,0.3574,5.938,9.266,1.422,4.61,6.26,4.234,0.935,2.092,0.3708,0.00277,0.758,0.1257,1.659,4.4,1.403,0.9956,0.09454,1.199,2.912,5,4.15,2.7,7.1,0.3672,4.684,7.816,C57BL6J-638850.54
1.01813383610201e+18,5.06030524996947,7.74147765724807,10.2,8.24,0.3752,8.66,0.273,7.137,9.03,0.7305,4.6,6.332,3.146,0.4858,4.11,1.799,0,0.704,0.05624,1.393,4.03,1.42,1.463,0.3098,1.505,3.178,3.596,2.043,2.367,5.145,0.332,4.1,7.37,C57BL6J-638850.54
1.01813383620182e+18,4.37242456578154,8.16578899797135,10.2,7.75,0.1056,9.98,0.534,4.734,9.305,0.4272,2.775,4.188,3.592,0.3904,3.03,0.4878,0,1.138,0.1222,1.045,6.355,0.9263,0.5005,0.02777,0.7676,3.137,5.742,2.23,4.277,7.5,0.3337,3.885,5.95,C57BL6J-638850.54
1.01813383610182e+18,4.48714468579599,8.01880445481966,10.2,7.934,1.015,8.99,0.86,6.926,9.29,0.7427,5.09,5.777,4.09,0.705,3.799,1.978,0,0.2213,0.1554,1.053,3.611,1.02,1.634,0.1432,1.451,3.639,3.826,2.34,3.234,4.758,0.6807,2.875,7.418,C57BL6J-638850.54
1.018133836102e+18,4.7101496114837,8.13699565078116,10.2,8.22,0.43,9.31,0.397,7.57,9.375,1.006,4.895,5.066,4.004,0.8774,3.428,0.8896,0.001365,0.4553,0.0826,1.492,4.56,1.351,1.574,0.1279,1.67,3.4,4.766,2.475,3.746,6.91,0.369,4.023,7.99,C57BL6J-638850.54
1.01813383610183e+18,4.59849806230833,8.20569395276179,10.2,8.09,0.146,9.7,0.583,6.574,9.55,0.6797,4.49,5.164,3.938,0.691,3.47,0.4905,0,0.8525,0.11316,1.527,5.477,0.955,1.052,0.08105,0.996,3.275,4.84,2.197,3.836,7.29,0.3887,3.951,7.48,C57BL6J-638850.54
1.01813383610201e+18,5.02644305951933,7.88458936219917,10.2,6.88,1.26,8.6,1.211,6.27,8.62,0.523,2.93,6.41,1.754,0.5586,4.504,3.684,0.04355,1.312,0.05344,0.925,4.76,0.5986,0.941,0.277,0.851,2.184,4.67,1.63,2.47,4.203,0.9717,4.57,4.98,C57BL6J-638850.54
1.01813383620202e+18,5.10022102168138,7.72682472981116,10.2,8,0.5435,7.74,0.5576,4.12,9.02,1.759,4.875,5.754,4.44,1.104,2.648,0.4382,0.02243,0.7524,0.03003,1.872,4.938,0.559,0.8145,0.1177,0.924,3.674,5.938,3.424,3.545,7.15,0.383,4.91,6.918,C57BL6J-638850.54
1.01813383610146e+18,3.60026692704001,7.65226103193694,10.2,8.23,0.534,8.86,0.6343,6.473,9.28,0.983,4.81,5.473,4.902,0.8936,2.074,0.9297,0.02339,0.3713,0.1111,1.52,3.682,0.999,2.096,0.1816,1.904,3.703,4.91,3.633,3.998,7.02,0.7017,3.59,7.85,C57BL6J-638850.54
1.01813383620145e+18,3.59479883000255,7.72205183017635,10.2,3.725,5.6,9.48,5.62,5.81,9.19,1.434,4.49,4.848,4.89,0.05484,2.436,3.01,0.0235,0.1602,0,0.3823,3.29,0.0786,1.698,0.10297,1.08,4.13,4.773,3.277,4.582,3.594,3.34,2.693,7.46,C57BL6J-638850.54
1.01813383610201e+18,4.85807173651321,7.98904271971606,10.2,7.973,0.3066,9.36,0.561,5.664,8.81,0.665,2.38,5.367,1.924,0.603,4.516,0.8057,0,1.016,0.1844,1.032,6.047,0.9243,0.66,0.07465,0.832,1.985,5.31,1.4795,2.992,7.71,0.4949,4.363,4.87,C57BL6J-638850.54
1.018133836202e+18,4.65030140764241,8.14092227070292,10.2,8.13,0.3157,7.37,0.4084,6.395,9.28,1.759,5.355,6.445,4.348,1.116,1.97,0.4397,0.00277,0.7485,0.0723,1.851,3.83,1.125,0.838,0.09064,1.279,3.285,5.555,4.297,3.123,7.074,0.3884,4.99,8.34,C57BL6J-638850.54
1.01813383610163e+18,3.67587108159342,7.82860732117041,10.2,8.19,0.6104,9.836,0.5215,5.723,9.125,0.4382,4.223,4.754,5.05,0.296,2.36,0.992,0,0.1351,0.2307,1.256,2.582,0.3354,3.102,0.04675,2.412,4.312,3.025,3.027,4.906,6.69,0.4248,3.158,7.3,C57BL6J-638850.54
1.01813383610201e+18,5.05017528212216,7.71213767043355,10.2,5.242,4.12,9.42,3.97,7.285,9.28,0.547,4.992,5.78,3.393,0.2023,4.43,4.11,0,0.5522,0.02576,0.3354,3.299,0.0555,0.7373,0.1864,0.8193,3.457,4.953,1.618,3.139,1.224,2.092,2.094,7.42,C57BL6J-638850.54
1.01813383610201e+18,5.06494001191823,7.73305341293083,10.2,5.867,3.35,8.91,3.309,7.137,9.39,0.9185,4.98,5.766,3.754,0.3738,3.75,3.682,0,1.008,0.0826,0.555,3.88,0.3792,1.17,0.2142,1.163,3.494,5.027,2.248,3.438,2.188,1.702,2.816,7.715,C57BL6J-638850.54
1.01813383620201e+18,5.0634171120936,7.73043857444236,10.2,6.094,2.744,9.836,2.842,4.06,9.65,0.5405,2.982,4.19,3.139,0.1335,2.957,2.342,0,0.7124,0.0457,0.598,3.979,0.2922,0.5723,0.1242,0.8057,2.959,4.45,1.609,4.152,3.672,1.385,2.412,5.914,C57BL6J-638850.54
1.01813383620201e+18,5.08256200542903,7.72162308031285,10.2,7.766,0.4539,9.37,0.642,5.918,9.16,0.3044,2.31,5.94,1.55,0.359,4.64,0.547,0.0212,0.761,0.2095,0.969,6.605,0.8267,0.4856,0.03094,0.5806,2.031,4.42,0.956,2.56,7.254,0.356,3.438,4.656,C57BL6J-638850.54
1.01813383610164e+18,3.89516557367053,7.86971329374477,10.2,7.96,0.8755,9.625,0.905,5.168,8.805,1.026,3.973,4.54,5.082,0.4253,1.981,1.731,0.02203,0.589,0.05997,1.566,3.271,0.615,1.789,0.2151,1.258,4.098,5.023,3.713,5.293,5.93,0.853,3.285,7.25,C57BL6J-638850.54
1.01813383610182e+18,4.13243865734662,8.09646738167418,10.2,8.13,0.3967,7.03,0.3735,6.35,9.164,1.615,5.13,6.773,4.445,0.922,2.121,0.3518,0.0248,0.718,0.0773,1.67,3.812,1.109,1.023,0.1184,1.21,3.588,5.176,4.12,2.64,6.977,0.3528,4.55,7.902,C57BL6J-638850.54
1.01813383610183e+18,5.00256439259805,7.73052951074694,10.2,7.934,0.7285,9.414,0.5537,6.816,9.13,0.8154,4.582,6.02,2.66,0.2399,4.684,0.6235,0,0.3918,0,1.239,4.773,0.9937,1.34,0.0842,1.468,3.5,3.936,0.845,3.105,6.28,0.3083,3.555,6.56,C57BL6J-638850.54
1.018133836202e+18,4.66741065407191,8.16607266795917,10.2,8.42,0.3345,9.305,0.1409,7.69,9.34,0.816,5.24,5.414,3.633,0.9155,4.03,0.3538,0,0.2186,0.0956,1.573,4.12,1.635,1.8,0.05554,1.609,3.115,3.62,1.91,3.027,6.31,0.1243,3.557,7.957,C57BL6J-638850.54
1.018133836102e+18,4.72697169561957,8.11755886618071,10.2,8.42,0.2856,8.94,0.2346,7.605,9.41,1.141,5.23,5.71,4.24,0.7856,3.43,0.28,0,0.3806,0.0888,1.645,4.473,2.033,2.027,0.05554,1.95,3.553,4.285,2.691,3.373,6.613,0.173,3.602,8.09,C57BL6J-638850.54
1.01813383610164e+18,3.80200452104968,7.68604536910413,10.2,8.24,0.6567,9.23,0.5527,6.21,9.43,0.4658,4.844,5.113,4.945,0.2766,2.305,0.987,0,0.1604,0.2064,1.351,2.82,0.315,3.182,0.02548,2.402,4.02,2.854,3.445,4.55,6.99,0.4,3.205,7.797,C57BL6J-638850.54
1.01813383610201e+18,5.07523179435567,7.72119403295286,10.2,8.02,0.4177,9.07,0.54,4.027,9.04,1.154,4.22,4.71,3.812,1.058,3.334,0.4705,0.001365,1.028,0.05997,1.794,4.89,0.567,0.993,0.05325,1.151,3.227,6.074,2.832,4.008,7.6,0.3767,4.395,6.492,C57BL6J-638850.54
1.01813383620201e+18,5.01442209840968,7.81062250635143,10.2,7.99,0.2413,7.496,0.4587,6.81,9,0.273,4.473,6.22,3.457,0.6924,3.248,3.727,0,0.985,0.1016,1.093,3.945,0.922,2.723,1.197,1.428,3.03,4.625,3.518,2.508,3.617,0.654,4.57,7.76,C57BL6J-638850.54
1.01813383610164e+18,3.8164522545635,7.85817193347066,10.2,5.637,3.387,9.414,3.664,5.137,8.85,2.215,4.13,4.66,4.88,0.7207,2.06,2.367,0.02339,0.3093,0.05038,0.98,4.06,0.62,2.625,0.1328,1.994,4.082,5.164,3.896,5.055,6.89,2.783,3.4,7.32,C57BL6J-638850.54
1.01813383610182e+18,4.46344527045333,8.07307518662853,10.2,4.785,4.12,9.445,4.11,6.508,9.02,0.8486,3.455,6.055,2.514,0.02934,4.043,2.916,0,0.2188,0.02632,0.51,3.254,0.2299,1.1455,0.16,1.042,2.941,4.81,1.272,2.818,3.277,2.246,2.69,5.65,C57BL6J-638850.54
1.01813383620164e+18,3.96389228532144,7.95680842667769,10.2,7.254,2.041,9.93,1.778,5.727,9.11,0.484,4.14,4.703,4.71,0.2688,2.715,2.838,0,0.3577,0.02838,0.5405,2.822,0.3884,1.545,0.2045,1.119,3.969,4.438,2.828,4.777,2.842,1.454,2.04,7.133,C57BL6J-638850.54
1.01813383610201e+18,4.88151485934575,7.99825979440083,10.2,8.01,0.817,9.46,0.926,7.367,9.164,0.3894,4.76,5.195,3.818,0.2847,3.947,2.305,0.02432,0.1912,0.1175,1.07,3.654,0.809,2.861,0.3093,2.25,3.316,4.047,2.3,3.582,6.164,0.7104,3.785,7.754,C57BL6J-638850.54
1.01813383620182e+18,4.70993076158608,8.04384279967002,10.2,8.32,0.2712,7.117,0.2842,6.574,9.17,1.221,5.062,6.688,4.246,0.6973,2.525,0.2288,0.02339,0.2644,0.1165,1.809,3.688,1.589,1.463,0.0833,1.797,3.406,3.938,3.781,2.213,6.562,0.3838,3.79,7.875,C57BL6J-638850.54
1.018133836202e+18,4.70888621547375,8.10744059135187,10.2,8.195,0.2952,8.805,0.4211,6.82,9.445,1.151,4.816,5.793,4.305,0.846,2.799,0.4077,0.02339,0.589,0.1423,1.733,3.998,1.425,1.459,0.1088,1.703,3.438,4.62,3.008,3.518,6.77,0.3447,3.91,7.848,C57BL6J-638850.54
1.01813383620182e+18,4.61437037039761,8.17275569076381,10.2,6.008,3.281,7.39,3.098,6.64,9.16,0.644,5.305,6.613,4.566,0.3887,2.207,2.57,0,0.3616,0.1426,0.727,2.422,0.2089,0.947,0.2695,0.646,3.219,4.344,4.098,2.562,2.457,1.731,2.18,8.04,C57BL6J-638850.54
1.01813383610145e+18,3.5698649431145,7.66876863003017,10.2,4.8,4.73,10.164,4.527,4.36,9.05,0.3357,2.938,4.395,4.395,0,2.316,2.285,0,0.1522,0,0.2292,1.689,0,0.717,0.1456,0.398,3.734,4.75,2.623,4.54,0.8994,2.723,1.981,5.926,C57BL6J-638850.54
1.01813383620182e+18,4.64791302782279,8.13336042540583,10.2,6.125,3.047,9.4,2.916,5.746,9.35,0.674,3.555,5.637,3.326,0.657,3.615,2.738,0,0.524,0.0969,0.8594,2.639,0.2169,0.854,0.2363,0.4314,3.193,4.91,2.168,3.63,2.152,1.732,2.418,5.633,C57BL6J-638850.54
1.018133836102e+18,4.61297940286106,8.18246777940157,10.2,8.11,0.5054,7.215,0.3674,6.617,9.21,1.344,5.168,6.58,4.43,0.8936,1.947,0.3198,0.00277,0.4658,0.1273,1.498,3.545,1.096,0.9966,0.11676,1.137,3.17,4.55,4.305,2.361,6.477,0.315,4.38,8.15,C57BL6J-638850.54
1.018133836102e+18,4.66537076617925,8.19334904168556,10.2,8.11,0.3818,6.13,0.4277,6.56,8.99,2.03,5.496,7.375,4.24,1.159,1.696,0.452,0.00277,0.653,0.0973,1.641,3.545,1.689,1.234,0.1302,1.445,2.846,5.13,4.863,1.841,6.54,0.5454,4.938,8.305,C57BL6J-638850.54
1.01813561410182e+18,4.94007977900916,8.08216983527696,10.4,8.336,0.1989,9.4,0.3044,6.34,9.21,0.994,4.484,5.05,4.57,0.9062,2.605,0.4604,0.02339,0.7373,0.09436,1.622,4.77,1.405,1.379,0.05554,1.537,3.543,4.65,3.145,4.176,7.2,0.3782,4.152,7.645,C57BL6J-638850.55
1.01813561410164e+18,4.24902080080183,8.01029389248108,10.4,3.756,5.83,8.79,5.93,5.98,8.875,1.56,4.566,5.094,4.67,0.1763,2.373,3.152,0.0235,0.1069,0.02576,0.2117,3.352,0.1044,1.796,0.1043,1.151,3.645,5.215,3.924,4.52,3.596,3.72,2.576,7.824,C57BL6J-638850.55
1.01813561410164e+18,4.76909360982891,8.01916387016359,10.4,8.016,0.4385,7.82,0.522,4.52,9.02,1.804,4.34,5.67,3.682,1.045,3.082,0.4048,0.001365,0.72,0.0757,1.758,4.867,0.7764,0.9355,0.1104,0.906,3.05,5.688,3.242,2.936,7.01,0.308,4.875,6.875,C57BL6J-638850.55
1.01813561410164e+18,4.77523526043148,7.86517711833448,10.4,8.32,0.2255,9.64,0.3994,6.78,9.234,0.9355,4.77,4.87,4.227,0.9326,3.521,0.5493,0.001365,0.792,0.1054,1.592,5.254,1.179,1.364,0.05554,1.512,3.645,4.805,2.31,4.1,7.23,0.46,4.11,7.566,C57BL6J-638850.55
1.01813561410164e+18,4.77397069226893,7.88694143434624,10.4,8.47,0.2537,9.51,0.308,7.48,9.336,1.08,5.09,5.168,4.11,0.835,3.62,0.3271,0.02203,0.3909,0.08594,1.813,4.383,2.078,2.082,0.05554,2.064,3.793,4.293,2.316,3.918,6.727,0.2423,3.592,7.906,C57BL6J-638850.55
1.01813561410164e+18,4.36124900509599,8.02941973687235,10.4,6.1,3.162,9.64,3.148,6.594,9.16,1.225,4.75,4.76,4.473,0.4524,2.893,3.615,0,0.2277,0.0538,0.5376,3.215,0.3289,1.953,0.3413,1.397,3.96,4.598,3.184,4.9,3.805,2.186,2.152,7.816,C57BL6J-638850.55
1.01813561410164e+18,4.2692331601397,7.89973588370199,10.4,7.74,1.1455,9.734,1.164,6.023,9.23,0.3896,4.46,4.543,4.55,0.576,2.912,3.05,0.02432,0.2615,0.1906,0.757,3.8,0.5093,2.328,0.2456,1.695,3.754,4.383,2.672,4.42,5.805,0.98,3.105,7.336,C57BL6J-638850.55
1.01813561410145e+18,3.94708326092018,7.95971855700751,10.4,7.086,2,8.086,1.759,6.594,9.03,0.5757,4.67,5.86,4.3,0.28,2.807,3.338,0,0.2712,0.1233,0.472,3.326,0.496,1.47,0.3293,1.282,3.877,4.5,3.523,3.475,4.164,1.304,2.586,7.633,C57BL6J-638850.55
